FileName, Number of Occurrences
log@2024-02-14T22_47_40.365119 2.csv,1
log@2024-02-14T16_36_20.370628 3.numbers,1
log@2024-02-13T23_46_46.171435 2.numbers,1
log@2024-02-14T16_36_20.370628 2.numbers,1
log@2024-02-14T19_42_17.967451 2.csv,1
log@2024-02-14T16_36_20.370628 3.csv,1
log@2024-02-14T19_42_17.967451 2.numbers,1
log@2024-02-14T13_38_17.500269 2.csv,1
log@2024-02-13T23_46_46.171435 2.csv,1
log@2024-02-14T13_38_17.500269 2.numbers,1
log@2024-02-14T09_37_16.038832 2.numbers,1
log@2024-02-13T17_49_28.820909.numbers,1
log@2024-02-14T22_47_40.365119 2.numbers,1
log@2024-02-14T09_37_16.038832 2.csv,1
