id,forecast_date,sales_rep,segment,value_gbp,probability,deal_id,stage,close_date,currency,creation_date
UK-REC-00001,2023-07-01,UK_REP_02,Therapeutics,11652.8,0.41,UK-OPP-00001,Pipeline,2023-09-14,GBP,2023-07-01
UK-REC-00002,2023-07-01,UK_REP_02,Vaccines,80896.25,0.0,UK-OPP-00002,Closed Lost,2023-09-23,GBP,2023-07-01
UK-REC-00003,2023-07-03,UK_REP_01,Therapeutics,85559.21,0.26,UK-OPP-00003,Pipeline,2023-09-23,GBP,2023-07-03
UK-REC-00004,2023-07-05,UK_REP_03,Diagnostics,63377.84,0.74,UK-OPP-00004,Upside,2023-09-07,GBP,2023-07-05
UK-REC-00005,2023-07-07,UK_REP_01,Vaccines,79370.28,0.95,UK-OPP-00005,Commit,2023-09-09,GBP,2023-07-07
UK-REC-00006,2023-07-07,UK_REP_04,Devices,26680.18,0.84,UK-OPP-00006,Commit,2023-10-01,GBP,2023-07-07
UK-REC-00007,2023-07-14,UK_REP_01,Vaccines,64655.73,0.33,UK-OPP-00007,Pipeline,2023-10-10,GBP,2023-07-14
UK-REC-00008,2023-07-16,UK_REP_04,Devices,18889.79,0.24,UK-OPP-00008,Pipeline,2023-09-12,GBP,2023-07-16
UK-REC-00009,2023-07-20,UK_REP_01,Diagnostics,84474.17,0.39,UK-OPP-00009,Pipeline,2023-09-03,GBP,2023-07-20
UK-REC-00010,2023-07-20,UK_REP_01,Devices,31746.89,0.0,UK-OPP-00010,Closed Lost,2023-09-11,GBP,2023-07-20
UK-REC-00011,2023-07-23,UK_REP_01,Vaccines,28694.44,0.67,UK-OPP-00011,Upside,2023-11-07,GBP,2023-07-23
UK-REC-00012,2023-07-27,UK_REP_04,Therapeutics,53972.07,0.73,UK-OPP-00012,Upside,2023-10-20,GBP,2023-07-27
UK-REC-00013,2023-07-29,UK_REP_04,Vaccines,66591.88,0.43,UK-OPP-00013,Pipeline,2023-11-12,GBP,2023-07-29
UK-REC-00014,2023-08-02,UK_REP_03,Vaccines,13317.38,1.0,UK-OPP-00014,Closed Won,2023-11-03,GBP,2023-08-02
UK-REC-00015,2023-08-10,UK_REP_03,Diagnostics,29336.9,0.74,UK-OPP-00015,Upside,2023-10-11,GBP,2023-08-10
UK-REC-00016,2023-08-10,UK_REP_02,Devices,83830.18,0.0,UK-OPP-00016,Closed Lost,2023-09-10,GBP,2023-08-10
UK-REC-00017,2023-08-12,UK_REP_02,Diagnostics,75065.77,0.68,UK-OPP-00017,Upside,2023-09-23,GBP,2023-08-12
UK-REC-00018,2023-08-18,UK_REP_04,Therapeutics,14933.67,0.25,UK-OPP-00018,Pipeline,2023-11-27,GBP,2023-08-18
UK-REC-00019,2023-08-18,UK_REP_01,Diagnostics,52626.71,0.24,UK-OPP-00019,Pipeline,2023-11-29,GBP,2023-08-18
UK-REC-00020,2023-08-19,UK_REP_04,Vaccines,57009.97,0.87,UK-OPP-00020,Commit,2023-12-09,GBP,2023-08-19
UK-REC-00021,2023-08-20,UK_REP_02,Devices,18452.63,0.69,UK-OPP-00021,Upside,2023-11-24,GBP,2023-08-20
UK-REC-00022,2023-08-21,UK_REP_04,Vaccines,50153.21,0.92,UK-OPP-00022,Commit,2023-11-22,GBP,2023-08-21
UK-REC-00023,2023-08-24,UK_REP_02,Diagnostics,87712.9,1.0,UK-OPP-00023,Closed Won,2023-12-15,GBP,2023-08-24
UK-REC-00024,2023-08-25,UK_REP_03,Therapeutics,72827.46,0.41,UK-OPP-00024,Pipeline,2023-09-26,GBP,2023-08-25
UK-REC-00025,2023-09-01,UK_REP_01,Diagnostics,44934.97,0.8,UK-OPP-00025,Commit,2023-11-06,GBP,2023-09-01
UK-REC-00026,2023-09-02,UK_REP_04,Therapeutics,8572.04,0.7,UK-OPP-00026,Upside,2023-12-03,GBP,2023-09-02
UK-REC-00027,2023-09-04,UK_REP_03,Vaccines,51564.65,0.58,UK-OPP-00027,Upside,2023-10-10,GBP,2023-09-04
UK-REC-00028,2023-09-06,UK_REP_02,Devices,39527.16,1.0,UK-OPP-00028,Closed Won,2023-10-29,GBP,2023-09-06
UK-REC-00029,2023-09-07,UK_REP_03,Diagnostics,86396.79,0.16,UK-OPP-00029,Pipeline,2023-11-28,GBP,2023-09-07
UK-REC-00030,2023-09-13,UK_REP_04,Diagnostics,40824.17,0.39,UK-OPP-00030,Pipeline,2023-12-04,GBP,2023-09-13
UK-REC-00031,2023-09-14,UK_REP_03,Therapeutics,46904.08,0.55,UK-OPP-00031,Upside,2023-10-17,GBP,2023-09-14
UK-REC-00032,2023-09-17,UK_REP_01,Vaccines,38323.22,0.0,UK-OPP-00032,Closed Lost,2024-01-01,GBP,2023-09-17
UK-REC-00033,2023-09-26,UK_REP_04,Vaccines,92852.13,0.36,UK-OPP-00033,Pipeline,2023-12-28,GBP,2023-09-26
UK-REC-00034,2023-09-27,UK_REP_02,Devices,56251.81,0.65,UK-OPP-00034,Upside,2023-12-27,GBP,2023-09-27
UK-REC-00035,2023-09-27,UK_REP_01,Devices,48781.23,0.82,UK-OPP-00035,Commit,2024-01-15,GBP,2023-09-27
UK-REC-00036,2023-09-28,UK_REP_03,Vaccines,81603.0,0.16,UK-OPP-00036,Pipeline,2024-01-10,GBP,2023-09-28
UK-REC-00037,2023-09-30,UK_REP_01,Vaccines,24525.88,0.0,UK-OPP-00037,Closed Lost,2023-12-14,GBP,2023-09-30
UK-REC-00038,2023-10-01,UK_REP_02,Diagnostics,105759.45,0.75,UK-OPP-00038,Upside,2024-01-04,GBP,2023-10-01
UK-REC-00039,2023-10-01,UK_REP_01,Diagnostics,97093.97,0.82,UK-OPP-00039,Commit,2023-11-24,GBP,2023-10-01
UK-REC-00040,2023-10-01,UK_REP_03,Therapeutics,47518.72,0.91,UK-OPP-00040,Commit,2023-11-07,GBP,2023-10-01
UK-REC-00041,2023-10-03,UK_REP_01,Diagnostics,31643.89,0.73,UK-OPP-00041,Upside,2023-12-18,GBP,2023-10-03
UK-REC-00042,2023-10-03,UK_REP_01,Devices,102167.56,0.0,UK-OPP-00042,Closed Lost,2023-11-27,GBP,2023-10-03
UK-REC-00043,2023-10-03,UK_REP_02,Vaccines,29172.12,1.0,UK-OPP-00043,Closed Won,2023-12-08,GBP,2023-10-03
UK-REC-00044,2023-10-06,UK_REP_01,Vaccines,106126.57,0.83,UK-OPP-00044,Commit,2023-11-10,GBP,2023-10-06
UK-REC-00045,2023-10-06,UK_REP_01,Vaccines,9640.67,0.9,UK-OPP-00045,Commit,2023-12-08,GBP,2023-10-06
UK-REC-00046,2023-10-06,UK_REP_04,Therapeutics,25926.55,0.21,UK-OPP-00046,Pipeline,2024-01-16,GBP,2023-10-06
UK-REC-00047,2023-10-09,UK_REP_02,Vaccines,110016.9,0.53,UK-OPP-00047,Upside,2023-12-02,GBP,2023-10-09
UK-REC-00048,2023-10-10,UK_REP_01,Devices,51197.02,0.94,UK-OPP-00048,Commit,2024-01-17,GBP,2023-10-10
UK-REC-00049,2023-10-11,UK_REP_04,Diagnostics,61323.83,0.88,UK-OPP-00049,Commit,2023-12-19,GBP,2023-10-11
UK-REC-00050,2023-10-14,UK_REP_03,Therapeutics,15621.01,0.75,UK-OPP-00050,Upside,2024-02-04,GBP,2023-10-14
UK-REC-00051,2023-10-17,UK_REP_04,Vaccines,61392.04,0.26,UK-OPP-00051,Pipeline,2023-12-29,GBP,2023-10-17
UK-REC-00052,2023-10-19,UK_REP_03,Vaccines,110423.91,1.0,UK-OPP-00052,Closed Won,2023-12-07,GBP,2023-10-19
UK-REC-00053,2023-10-19,UK_REP_02,Devices,111898.51,0.16,UK-OPP-00053,Pipeline,2023-12-22,GBP,2023-10-19
UK-REC-00054,2023-10-19,UK_REP_03,Devices,89966.76,0.93,UK-OPP-00054,Commit,2024-01-16,GBP,2023-10-19
UK-REC-00055,2023-10-20,UK_REP_02,Therapeutics,23320.73,0.0,UK-OPP-00055,Closed Lost,2024-02-02,GBP,2023-10-20
UK-REC-00056,2023-10-20,UK_REP_04,Diagnostics,116850.64,0.5,UK-OPP-00056,Upside,2023-12-26,GBP,2023-10-20
UK-REC-00057,2023-10-20,UK_REP_01,Diagnostics,58989.29,0.52,UK-OPP-00057,Upside,2023-12-20,GBP,2023-10-20
UK-REC-00058,2023-10-21,UK_REP_01,Devices,91067.91,1.0,UK-OPP-00058,Closed Won,2024-01-30,GBP,2023-10-21
UK-REC-00059,2023-10-21,UK_REP_03,Devices,120012.18,0.57,UK-OPP-00059,Upside,2024-02-14,GBP,2023-10-21
UK-REC-00060,2023-10-21,UK_REP_04,Therapeutics,54832.01,0.87,UK-OPP-00060,Commit,2023-12-04,GBP,2023-10-21
UK-REC-00061,2023-10-22,UK_REP_03,Devices,51631.71,0.43,UK-OPP-00061,Pipeline,2024-01-03,GBP,2023-10-22
UK-REC-00062,2023-10-28,UK_REP_02,Therapeutics,36658.53,0.0,UK-OPP-00062,Closed Lost,2024-01-22,GBP,2023-10-28
UK-REC-00063,2023-11-02,UK_REP_04,Devices,110794.07,0.16,UK-OPP-00063,Pipeline,2023-12-17,GBP,2023-11-02
UK-REC-00064,2023-11-02,UK_REP_04,Vaccines,122976.74,1.0,UK-OPP-00064,Closed Won,2024-01-27,GBP,2023-11-02
UK-REC-00065,2023-11-02,UK_REP_02,Vaccines,36503.2,0.86,UK-OPP-00065,Commit,2023-12-19,GBP,2023-11-02
UK-REC-00066,2023-11-04,UK_REP_02,Diagnostics,67364.87,0.84,UK-OPP-00066,Commit,2023-12-31,GBP,2023-11-04
UK-REC-00067,2023-11-04,UK_REP_01,Vaccines,118974.19,1.0,UK-OPP-00067,Closed Won,2023-12-26,GBP,2023-11-04
UK-REC-00068,2023-11-04,UK_REP_04,Vaccines,21892.1,0.86,UK-OPP-00068,Commit,2024-02-08,GBP,2023-11-04
UK-REC-00069,2023-11-06,UK_REP_03,Therapeutics,40202.51,0.0,UK-OPP-00069,Closed Lost,2024-01-08,GBP,2023-11-06
UK-REC-00070,2023-11-10,UK_REP_04,Therapeutics,41023.71,0.35,UK-OPP-00070,Pipeline,2024-02-27,GBP,2023-11-10
UK-REC-00071,2023-11-11,UK_REP_03,Vaccines,42056.46,0.4,UK-OPP-00071,Pipeline,2024-02-25,GBP,2023-11-11
UK-REC-00072,2023-11-13,UK_REP_03,Vaccines,36664.03,1.0,UK-OPP-00072,Closed Won,2024-02-17,GBP,2023-11-13
UK-REC-00073,2023-11-14,UK_REP_03,Diagnostics,65292.2,0.63,UK-OPP-00073,Upside,2024-03-04,GBP,2023-11-14
UK-REC-00074,2023-11-15,UK_REP_04,Devices,75975.75,0.66,UK-OPP-00074,Upside,2024-03-10,GBP,2023-11-15
UK-REC-00075,2023-11-18,UK_REP_01,Diagnostics,119871.93,0.21,UK-OPP-00075,Pipeline,2024-01-28,GBP,2023-11-18
UK-REC-00076,2023-11-24,UK_REP_04,Diagnostics,74606.83,0.26,UK-OPP-00076,Pipeline,2023-12-31,GBP,2023-11-24
UK-REC-00077,2023-12-03,UK_REP_02,Vaccines,114619.72,0.17,UK-OPP-00077,Pipeline,2024-01-15,GBP,2023-12-03
UK-REC-00078,2023-12-05,UK_REP_03,Vaccines,64129.84,0.24,UK-OPP-00078,Pipeline,2024-01-30,GBP,2023-12-05
UK-REC-00079,2023-12-07,UK_REP_01,Therapeutics,40056.13,0.51,UK-OPP-00079,Upside,2024-01-15,GBP,2023-12-07
UK-REC-00080,2023-12-15,UK_REP_03,Vaccines,49751.54,0.87,UK-OPP-00080,Commit,2024-02-04,GBP,2023-12-15
UK-REC-00081,2023-12-17,UK_REP_04,Devices,61669.84,0.84,UK-OPP-00081,Commit,2024-04-15,GBP,2023-12-17
UK-REC-00082,2023-12-18,UK_REP_02,Therapeutics,64834.64,0.31,UK-OPP-00082,Pipeline,2024-03-14,GBP,2023-12-18
UK-REC-00083,2023-12-18,UK_REP_03,Diagnostics,18598.97,0.6,UK-OPP-00083,Upside,2024-04-10,GBP,2023-12-18
UK-REC-00084,2023-12-18,UK_REP_03,Therapeutics,12082.93,0.56,UK-OPP-00084,Upside,2024-03-12,GBP,2023-12-18
UK-REC-00085,2023-12-20,UK_REP_01,Therapeutics,106473.03,0.26,UK-OPP-00085,Pipeline,2024-03-29,GBP,2023-12-20
UK-REC-00086,2023-12-20,UK_REP_03,Vaccines,102635.22,0.86,UK-OPP-00086,Commit,2024-02-25,GBP,2023-12-20
UK-REC-00087,2023-12-20,UK_REP_01,Devices,68416.56,0.92,UK-OPP-00087,Commit,2024-03-03,GBP,2023-12-20
UK-REC-00088,2023-12-21,UK_REP_01,Vaccines,98443.24,0.83,UK-OPP-00088,Commit,2024-03-21,GBP,2023-12-21
UK-REC-00089,2023-12-22,UK_REP_04,Therapeutics,119063.17,0.89,UK-OPP-00089,Commit,2024-03-22,GBP,2023-12-22
UK-REC-00090,2023-12-23,UK_REP_02,Therapeutics,46523.75,0.58,UK-OPP-00090,Upside,2024-03-05,GBP,2023-12-23
UK-REC-00091,2023-12-25,UK_REP_04,Diagnostics,37740.19,0.57,UK-OPP-00091,Upside,2024-01-24,GBP,2023-12-25
UK-REC-00092,2023-12-26,UK_REP_04,Vaccines,123522.31,0.13,UK-OPP-00092,Pipeline,2024-04-04,GBP,2023-12-26
UK-REC-00093,2023-12-30,UK_REP_03,Devices,56573.67,1.0,UK-OPP-00093,Closed Won,2024-04-07,GBP,2023-12-30
UK-REC-00094,2024-01-02,UK_REP_03,Therapeutics,37316.32,0.86,UK-OPP-00094,Commit,2024-02-15,GBP,2024-01-02
UK-REC-00095,2024-01-02,UK_REP_02,Devices,15150.07,0.95,UK-OPP-00095,Commit,2024-02-20,GBP,2024-01-02
UK-REC-00096,2024-01-07,UK_REP_04,Devices,78288.36,0.52,UK-OPP-00096,Upside,2024-04-19,GBP,2024-01-07
UK-REC-00097,2024-01-08,UK_REP_03,Therapeutics,92698.23,0.33,UK-OPP-00097,Pipeline,2024-02-07,GBP,2024-01-08
UK-REC-00098,2024-01-09,UK_REP_04,Devices,30626.0,1.0,UK-OPP-00098,Closed Won,2024-03-09,GBP,2024-01-09
UK-REC-00099,2024-01-09,UK_REP_03,Devices,60566.8,0.29,UK-OPP-00099,Pipeline,2024-04-26,GBP,2024-01-09
UK-REC-00100,2024-01-12,UK_REP_04,Therapeutics,19344.93,1.0,UK-OPP-00100,Closed Won,2024-02-18,GBP,2024-01-12
UK-REC-00101,2024-01-13,UK_REP_03,Vaccines,18061.76,0.67,UK-OPP-00101,Upside,2024-03-06,GBP,2024-01-13
UK-REC-00102,2024-01-14,UK_REP_04,Devices,51953.23,0.0,UK-OPP-00102,Closed Lost,2024-05-10,GBP,2024-01-14
UK-REC-00103,2024-01-16,UK_REP_02,Therapeutics,24897.45,0.9,UK-OPP-00103,Commit,2024-03-26,GBP,2024-01-16
UK-REC-00104,2024-01-18,UK_REP_03,Vaccines,86048.61,1.0,UK-OPP-00104,Closed Won,2024-04-25,GBP,2024-01-18
UK-REC-00105,2024-01-19,UK_REP_02,Vaccines,52432.43,1.0,UK-OPP-00105,Closed Won,2024-03-10,GBP,2024-01-19
UK-REC-00106,2024-01-21,UK_REP_04,Therapeutics,93859.63,0.72,UK-OPP-00106,Upside,2024-05-09,GBP,2024-01-21
UK-REC-00107,2024-01-22,UK_REP_03,Therapeutics,58385.24,0.25,UK-OPP-00107,Pipeline,2024-04-22,GBP,2024-01-22
UK-REC-00108,2024-01-28,UK_REP_02,Diagnostics,55885.41,0.92,UK-OPP-00108,Commit,2024-04-17,GBP,2024-01-28
UK-REC-00109,2024-01-29,UK_REP_03,Therapeutics,22226.47,0.21,UK-OPP-00109,Pipeline,2024-03-09,GBP,2024-01-29
UK-REC-00110,2024-01-30,UK_REP_02,Therapeutics,18332.42,0.89,UK-OPP-00110,Commit,2024-04-21,GBP,2024-01-30
UK-REC-00111,2024-01-31,UK_REP_01,Devices,30054.24,0.55,UK-OPP-00111,Upside,2024-03-15,GBP,2024-01-31
UK-REC-00112,2024-02-01,UK_REP_03,Vaccines,40854.64,0.2,UK-OPP-00112,Pipeline,2024-04-11,GBP,2024-02-01
UK-REC-00113,2024-02-02,UK_REP_04,Devices,93187.49,0.71,UK-OPP-00113,Upside,2024-04-23,GBP,2024-02-02
UK-REC-00114,2024-02-04,UK_REP_02,Devices,50914.22,0.86,UK-OPP-00114,Commit,2024-05-17,GBP,2024-02-04
UK-REC-00115,2024-02-04,UK_REP_04,Devices,9731.13,0.26,UK-OPP-00115,Pipeline,2024-06-01,GBP,2024-02-04
UK-REC-00116,2024-02-06,UK_REP_03,Therapeutics,93461.1,0.45,UK-OPP-00116,Pipeline,2024-04-30,GBP,2024-02-06
UK-REC-00117,2024-02-07,UK_REP_02,Therapeutics,28989.31,0.0,UK-OPP-00117,Closed Lost,2024-04-15,GBP,2024-02-07
UK-REC-00118,2024-02-09,UK_REP_01,Diagnostics,54302.15,0.18,UK-OPP-00118,Pipeline,2024-04-24,GBP,2024-02-09
UK-REC-00119,2024-02-11,UK_REP_01,Therapeutics,43200.8,0.0,UK-OPP-00119,Closed Lost,2024-06-05,GBP,2024-02-11
UK-REC-00120,2024-02-16,UK_REP_02,Devices,83885.71,1.0,UK-OPP-00120,Closed Won,2024-05-12,GBP,2024-02-16
UK-REC-00121,2024-02-16,UK_REP_04,Therapeutics,22653.43,0.4,UK-OPP-00121,Pipeline,2024-05-28,GBP,2024-02-16
UK-REC-00122,2024-02-19,UK_REP_01,Vaccines,40809.24,0.87,UK-OPP-00122,Commit,2024-05-16,GBP,2024-02-19
UK-REC-00123,2024-02-20,UK_REP_04,Devices,19696.13,0.95,UK-OPP-00123,Commit,2024-05-23,GBP,2024-02-20
UK-REC-00124,2024-02-25,UK_REP_02,Diagnostics,51124.2,0.94,UK-OPP-00124,Commit,2024-05-23,GBP,2024-02-25
UK-REC-00125,2024-02-28,UK_REP_02,Diagnostics,74143.19,0.74,UK-OPP-00125,Upside,2024-05-23,GBP,2024-02-28
UK-REC-00126,2024-02-28,UK_REP_02,Therapeutics,35080.7,1.0,UK-OPP-00126,Closed Won,2024-06-12,GBP,2024-02-28
UK-REC-00127,2024-03-02,UK_REP_01,Devices,72985.94,0.14,UK-OPP-00127,Pipeline,2024-05-02,GBP,2024-03-02
UK-REC-00128,2024-03-02,UK_REP_04,Therapeutics,93963.53,0.9,UK-OPP-00128,Commit,2024-06-17,GBP,2024-03-02
UK-REC-00129,2024-03-03,UK_REP_04,Vaccines,33476.07,0.14,UK-OPP-00129,Pipeline,2024-04-09,GBP,2024-03-03
UK-REC-00130,2024-03-04,UK_REP_01,Vaccines,49751.06,0.83,UK-OPP-00130,Commit,2024-06-09,GBP,2024-03-04
UK-REC-00131,2024-03-05,UK_REP_04,Vaccines,57957.07,0.58,UK-OPP-00131,Upside,2024-06-22,GBP,2024-03-05
UK-REC-00132,2024-03-07,UK_REP_04,Vaccines,102194.61,0.81,UK-OPP-00132,Commit,2024-06-15,GBP,2024-03-07
UK-REC-00133,2024-03-09,UK_REP_02,Therapeutics,101173.56,0.27,UK-OPP-00133,Pipeline,2024-04-18,GBP,2024-03-09
UK-REC-00134,2024-03-11,UK_REP_04,Diagnostics,34305.66,0.59,UK-OPP-00134,Upside,2024-06-01,GBP,2024-03-11
UK-REC-00135,2024-03-15,UK_REP_02,Devices,98676.07,0.88,UK-OPP-00135,Commit,2024-04-17,GBP,2024-03-15
UK-REC-00136,2024-03-18,UK_REP_02,Vaccines,52390.21,1.0,UK-OPP-00136,Closed Won,2024-05-30,GBP,2024-03-18
UK-REC-00137,2024-03-19,UK_REP_03,Vaccines,100910.84,0.32,UK-OPP-00137,Pipeline,2024-05-09,GBP,2024-03-19
UK-REC-00138,2024-03-25,UK_REP_04,Vaccines,40513.86,1.0,UK-OPP-00138,Closed Won,2024-06-14,GBP,2024-03-25
UK-REC-00139,2024-03-27,UK_REP_04,Diagnostics,85293.34,1.0,UK-OPP-00139,Closed Won,2024-07-08,GBP,2024-03-27
UK-REC-00140,2024-03-27,UK_REP_04,Therapeutics,28178.87,1.0,UK-OPP-00140,Closed Won,2024-07-06,GBP,2024-03-27
UK-REC-00141,2024-03-29,UK_REP_01,Therapeutics,73522.39,0.38,UK-OPP-00141,Pipeline,2024-06-25,GBP,2024-03-29
UK-REC-00142,2024-03-29,UK_REP_01,Vaccines,22770.3,0.84,UK-OPP-00142,Commit,2024-06-19,GBP,2024-03-29
UK-REC-00143,2024-03-30,UK_REP_01,Devices,9518.43,0.36,UK-OPP-00143,Pipeline,2024-05-21,GBP,2024-03-30
UK-REC-00144,2024-04-03,UK_REP_01,Vaccines,49735.86,1.0,UK-OPP-00144,Closed Won,2024-07-25,GBP,2024-04-03
UK-REC-00145,2024-04-04,UK_REP_03,Therapeutics,63072.37,0.53,UK-OPP-00145,Upside,2024-07-02,GBP,2024-04-04
UK-REC-00146,2024-04-04,UK_REP_03,Vaccines,87009.78,0.9,UK-OPP-00146,Commit,2024-07-03,GBP,2024-04-04
UK-REC-00147,2024-04-08,UK_REP_03,Devices,57527.81,0.31,UK-OPP-00147,Pipeline,2024-06-01,GBP,2024-04-08
UK-REC-00148,2024-04-09,UK_REP_01,Devices,13196.43,0.94,UK-OPP-00148,Commit,2024-07-11,GBP,2024-04-09
UK-REC-00149,2024-04-09,UK_REP_01,Vaccines,69831.69,0.86,UK-OPP-00149,Commit,2024-07-31,GBP,2024-04-09
UK-REC-00150,2024-04-10,UK_REP_04,Diagnostics,29072.42,1.0,UK-OPP-00150,Closed Won,2024-06-14,GBP,2024-04-10
UK-REC-00151,2024-04-11,UK_REP_01,Therapeutics,40963.36,0.45,UK-OPP-00151,Pipeline,2024-05-13,GBP,2024-04-11
UK-REC-00152,2024-04-12,UK_REP_02,Devices,14646.85,0.0,UK-OPP-00152,Closed Lost,2024-07-07,GBP,2024-04-12
UK-REC-00153,2024-04-13,UK_REP_01,Diagnostics,92540.38,0.17,UK-OPP-00153,Pipeline,2024-07-13,GBP,2024-04-13
UK-REC-00154,2024-04-13,UK_REP_02,Devices,61774.59,0.57,UK-OPP-00154,Upside,2024-05-20,GBP,2024-04-13
UK-REC-00155,2024-04-15,UK_REP_03,Devices,84701.2,0.0,UK-OPP-00155,Closed Lost,2024-05-16,GBP,2024-04-15
UK-REC-00156,2024-04-15,UK_REP_04,Therapeutics,57854.78,1.0,UK-OPP-00156,Closed Won,2024-05-31,GBP,2024-04-15
UK-REC-00157,2024-04-19,UK_REP_03,Diagnostics,35850.16,0.8,UK-OPP-00157,Commit,2024-06-21,GBP,2024-04-19
UK-REC-00158,2024-04-24,UK_REP_04,Therapeutics,67603.63,0.44,UK-OPP-00158,Pipeline,2024-08-15,GBP,2024-04-24
UK-REC-00159,2024-04-24,UK_REP_01,Therapeutics,78477.31,0.23,UK-OPP-00159,Pipeline,2024-06-03,GBP,2024-04-24
UK-REC-00160,2024-04-26,UK_REP_02,Vaccines,65610.58,0.1,UK-OPP-00160,Pipeline,2024-07-06,GBP,2024-04-26
UK-REC-00161,2024-05-07,UK_REP_01,Therapeutics,29561.33,0.71,UK-OPP-00161,Upside,2024-08-30,GBP,2024-05-07
UK-REC-00162,2024-05-10,UK_REP_04,Devices,43472.8,0.12,UK-OPP-00162,Pipeline,2024-07-31,GBP,2024-05-10
UK-REC-00163,2024-05-13,UK_REP_03,Diagnostics,57613.03,1.0,UK-OPP-00163,Closed Won,2024-06-15,GBP,2024-05-13
UK-REC-00164,2024-05-14,UK_REP_02,Diagnostics,47195.44,0.62,UK-OPP-00164,Upside,2024-08-22,GBP,2024-05-14
UK-REC-00165,2024-05-20,UK_REP_02,Devices,48807.12,1.0,UK-OPP-00165,Closed Won,2024-08-22,GBP,2024-05-20
UK-REC-00166,2024-05-21,UK_REP_04,Devices,83821.18,1.0,UK-OPP-00166,Closed Won,2024-09-07,GBP,2024-05-21
UK-REC-00167,2024-05-22,UK_REP_03,Diagnostics,41839.19,0.0,UK-OPP-00167,Closed Lost,2024-07-31,GBP,2024-05-22
UK-REC-00168,2024-05-24,UK_REP_04,Diagnostics,9439.68,0.71,UK-OPP-00168,Upside,2024-07-26,GBP,2024-05-24
UK-REC-00169,2024-05-25,UK_REP_01,Devices,44219.42,1.0,UK-OPP-00169,Closed Won,2024-06-25,GBP,2024-05-25
UK-REC-00170,2024-05-29,UK_REP_02,Devices,46332.9,1.0,UK-OPP-00170,Closed Won,2024-08-18,GBP,2024-05-29
UK-REC-00171,2024-06-03,UK_REP_03,Diagnostics,56599.27,0.35,UK-OPP-00171,Pipeline,2024-08-15,GBP,2024-06-03
UK-REC-00172,2024-06-06,UK_REP_03,Therapeutics,51817.9,0.94,UK-OPP-00172,Commit,2024-09-17,GBP,2024-06-06
UK-REC-00173,2024-06-08,UK_REP_02,Vaccines,43596.58,0.62,UK-OPP-00173,Upside,2024-08-13,GBP,2024-06-08
UK-REC-00174,2024-06-09,UK_REP_04,Vaccines,37903.31,0.82,UK-OPP-00174,Commit,2024-10-01,GBP,2024-06-09
UK-REC-00175,2024-06-09,UK_REP_03,Therapeutics,9577.21,0.0,UK-OPP-00175,Closed Lost,2024-08-09,GBP,2024-06-09
UK-REC-00176,2024-06-16,UK_REP_01,Therapeutics,7963.83,0.15,UK-OPP-00176,Pipeline,2024-09-07,GBP,2024-06-16
UK-REC-00177,2024-06-17,UK_REP_03,Therapeutics,17264.38,0.7,UK-OPP-00177,Upside,2024-09-24,GBP,2024-06-17
UK-REC-00178,2024-06-19,UK_REP_03,Diagnostics,70967.67,1.0,UK-OPP-00178,Closed Won,2024-09-21,GBP,2024-06-19
UK-REC-00179,2024-06-23,UK_REP_02,Devices,44537.01,0.87,UK-OPP-00179,Commit,2024-09-07,GBP,2024-06-23
UK-REC-00180,2024-06-27,UK_REP_02,Diagnostics,80467.77,0.53,UK-OPP-00180,Upside,2024-10-25,GBP,2024-06-27
UK-REC-00181,2024-06-27,UK_REP_02,Vaccines,15159.14,1.0,UK-OPP-00181,Closed Won,2024-10-15,GBP,2024-06-27
UK-REC-00182,2024-07-04,UK_REP_02,Diagnostics,55692.63,1.0,UK-OPP-00182,Closed Won,2024-10-21,GBP,2024-07-04
UK-REC-00183,2024-07-05,UK_REP_03,Therapeutics,60906.68,0.87,UK-OPP-00183,Commit,2024-10-07,GBP,2024-07-05
UK-REC-00184,2024-07-06,UK_REP_02,Diagnostics,15083.0,0.18,UK-OPP-00184,Pipeline,2024-08-12,GBP,2024-07-06
UK-REC-00185,2024-07-09,UK_REP_03,Devices,70711.27,0.86,UK-OPP-00185,Commit,2024-11-06,GBP,2024-07-09
UK-REC-00186,2024-07-13,UK_REP_02,Vaccines,103577.97,0.51,UK-OPP-00186,Upside,2024-10-18,GBP,2024-07-13
UK-REC-00187,2024-07-13,UK_REP_02,Devices,56935.1,0.57,UK-OPP-00187,Upside,2024-10-26,GBP,2024-07-13
UK-REC-00188,2024-07-14,UK_REP_01,Devices,100298.34,0.11,UK-OPP-00188,Pipeline,2024-08-26,GBP,2024-07-14
UK-REC-00189,2024-07-15,UK_REP_01,Vaccines,61903.58,1.0,UK-OPP-00189,Closed Won,2024-10-08,GBP,2024-07-15
UK-REC-00190,2024-07-15,UK_REP_02,Devices,103430.99,1.0,UK-OPP-00190,Closed Won,2024-10-25,GBP,2024-07-15
UK-REC-00191,2024-07-17,UK_REP_04,Diagnostics,35928.56,0.93,UK-OPP-00191,Commit,2024-10-30,GBP,2024-07-17
UK-REC-00192,2024-07-17,UK_REP_04,Diagnostics,23040.63,0.28,UK-OPP-00192,Pipeline,2024-10-24,GBP,2024-07-17
UK-REC-00193,2024-07-21,UK_REP_02,Therapeutics,82122.38,0.65,UK-OPP-00193,Upside,2024-10-16,GBP,2024-07-21
UK-REC-00194,2024-07-21,UK_REP_01,Diagnostics,94566.83,0.6,UK-OPP-00194,Upside,2024-10-09,GBP,2024-07-21
UK-REC-00195,2024-07-23,UK_REP_01,Devices,102856.45,1.0,UK-OPP-00195,Closed Won,2024-09-23,GBP,2024-07-23
UK-REC-00196,2024-07-23,UK_REP_02,Devices,104862.51,0.0,UK-OPP-00196,Closed Lost,2024-11-07,GBP,2024-07-23
UK-REC-00197,2024-07-25,UK_REP_04,Vaccines,58861.93,0.9,UK-OPP-00197,Commit,2024-10-12,GBP,2024-07-25
UK-REC-00198,2024-07-30,UK_REP_04,Devices,68566.35,1.0,UK-OPP-00198,Closed Won,2024-11-08,GBP,2024-07-30
UK-REC-00199,2024-07-31,UK_REP_04,Therapeutics,56287.55,1.0,UK-OPP-00199,Closed Won,2024-09-04,GBP,2024-07-31
UK-REC-00200,2024-07-31,UK_REP_02,Diagnostics,24457.56,0.74,UK-OPP-00200,Upside,2024-11-22,GBP,2024-07-31
UK-REC-00201,2024-08-01,UK_REP_03,Vaccines,102886.19,0.93,UK-OPP-00201,Commit,2024-10-06,GBP,2024-08-01
UK-REC-00202,2024-08-06,UK_REP_02,Diagnostics,26885.97,0.7,UK-OPP-00202,Upside,2024-12-02,GBP,2024-08-06
UK-REC-00203,2024-08-14,UK_REP_04,Vaccines,102812.15,0.69,UK-OPP-00203,Upside,2024-11-13,GBP,2024-08-14
UK-REC-00204,2024-08-18,UK_REP_04,Therapeutics,51003.45,1.0,UK-OPP-00204,Closed Won,2024-12-08,GBP,2024-08-18
UK-REC-00205,2024-08-18,UK_REP_03,Diagnostics,106998.82,0.89,UK-OPP-00205,Commit,2024-10-03,GBP,2024-08-18
UK-REC-00206,2024-08-19,UK_REP_04,Diagnostics,49644.84,0.16,UK-OPP-00206,Pipeline,2024-09-25,GBP,2024-08-19
UK-REC-00207,2024-08-20,UK_REP_04,Diagnostics,79655.4,1.0,UK-OPP-00207,Closed Won,2024-12-14,GBP,2024-08-20
UK-REC-00208,2024-08-21,UK_REP_03,Devices,97200.03,0.84,UK-OPP-00208,Commit,2024-11-19,GBP,2024-08-21
UK-REC-00209,2024-08-22,UK_REP_02,Vaccines,99261.14,1.0,UK-OPP-00209,Closed Won,2024-10-21,GBP,2024-08-22
UK-REC-00210,2024-08-29,UK_REP_03,Diagnostics,92901.58,0.54,UK-OPP-00210,Upside,2024-10-09,GBP,2024-08-29
UK-REC-00211,2024-09-02,UK_REP_03,Vaccines,93697.67,1.0,UK-OPP-00211,Closed Won,2024-10-03,GBP,2024-09-02
UK-REC-00212,2024-09-02,UK_REP_01,Therapeutics,33121.42,0.32,UK-OPP-00212,Pipeline,2024-10-15,GBP,2024-09-02
UK-REC-00213,2024-09-03,UK_REP_02,Devices,66187.56,0.91,UK-OPP-00213,Commit,2024-10-29,GBP,2024-09-03
UK-REC-00214,2024-09-04,UK_REP_02,Therapeutics,59810.08,0.7,UK-OPP-00214,Upside,2024-11-23,GBP,2024-09-04
UK-REC-00215,2024-09-05,UK_REP_03,Vaccines,82468.61,0.0,UK-OPP-00215,Closed Lost,2024-10-09,GBP,2024-09-05
UK-REC-00216,2024-09-10,UK_REP_04,Vaccines,97834.31,0.15,UK-OPP-00216,Pipeline,2024-12-29,GBP,2024-09-10
UK-REC-00217,2024-09-11,UK_REP_01,Therapeutics,82121.77,0.42,UK-OPP-00217,Pipeline,2024-12-22,GBP,2024-09-11
UK-REC-00218,2024-09-17,UK_REP_02,Devices,34071.5,0.3,UK-OPP-00218,Pipeline,2024-12-01,GBP,2024-09-17
UK-REC-00219,2024-09-17,UK_REP_04,Therapeutics,67914.4,1.0,UK-OPP-00219,Closed Won,2024-11-30,GBP,2024-09-17
UK-REC-00220,2024-09-22,UK_REP_03,Vaccines,80019.79,1.0,UK-OPP-00220,Closed Won,2024-12-22,GBP,2024-09-22
UK-REC-00221,2024-09-26,UK_REP_03,Devices,101115.91,0.0,UK-OPP-00221,Closed Lost,2024-10-28,GBP,2024-09-26
UK-REC-00222,2024-09-26,UK_REP_02,Diagnostics,100860.35,1.0,UK-OPP-00222,Closed Won,2024-11-03,GBP,2024-09-26
UK-REC-00223,2024-09-30,UK_REP_01,Therapeutics,19752.93,0.89,UK-OPP-00223,Commit,2024-12-03,GBP,2024-09-30
UK-REC-00224,2024-10-01,UK_REP_02,Therapeutics,49602.26,0.64,UK-OPP-00224,Upside,2024-12-31,GBP,2024-10-01
UK-REC-00225,2024-10-03,UK_REP_03,Therapeutics,126411.49,0.86,UK-OPP-00225,Commit,2024-11-07,GBP,2024-10-03
UK-REC-00226,2024-10-05,UK_REP_02,Devices,35814.1,0.18,UK-OPP-00226,Pipeline,2024-11-09,GBP,2024-10-05
UK-REC-00227,2024-10-08,UK_REP_03,Devices,63607.98,0.39,UK-OPP-00227,Pipeline,2024-12-29,GBP,2024-10-08
UK-REC-00228,2024-10-09,UK_REP_01,Diagnostics,120557.11,0.32,UK-OPP-00228,Pipeline,2024-11-16,GBP,2024-10-09
UK-REC-00229,2024-10-09,UK_REP_02,Devices,105461.23,0.17,UK-OPP-00229,Pipeline,2024-12-12,GBP,2024-10-09
UK-REC-00230,2024-10-09,UK_REP_03,Vaccines,132077.59,0.16,UK-OPP-00230,Pipeline,2025-01-27,GBP,2024-10-09
UK-REC-00231,2024-10-10,UK_REP_01,Diagnostics,75918.98,0.26,UK-OPP-00231,Pipeline,2024-11-24,GBP,2024-10-10
UK-REC-00232,2024-10-12,UK_REP_03,Diagnostics,134306.44,0.82,UK-OPP-00232,Commit,2024-12-10,GBP,2024-10-12
UK-REC-00233,2024-10-13,UK_REP_04,Devices,129036.88,1.0,UK-OPP-00233,Closed Won,2025-01-13,GBP,2024-10-13
UK-REC-00234,2024-10-15,UK_REP_03,Devices,142150.69,0.92,UK-OPP-00234,Commit,2024-11-17,GBP,2024-10-15
UK-REC-00235,2024-10-17,UK_REP_04,Devices,15059.88,0.0,UK-OPP-00235,Closed Lost,2024-12-29,GBP,2024-10-17
UK-REC-00236,2024-10-18,UK_REP_02,Diagnostics,25573.98,0.22,UK-OPP-00236,Pipeline,2025-02-15,GBP,2024-10-18
UK-REC-00237,2024-10-20,UK_REP_04,Vaccines,137309.28,0.93,UK-OPP-00237,Commit,2024-12-31,GBP,2024-10-20
UK-REC-00238,2024-10-26,UK_REP_01,Devices,68945.78,0.6,UK-OPP-00238,Upside,2024-11-29,GBP,2024-10-26
UK-REC-00239,2024-10-26,UK_REP_02,Devices,69246.73,0.32,UK-OPP-00239,Pipeline,2025-01-21,GBP,2024-10-26
UK-REC-00240,2024-10-26,UK_REP_04,Devices,25953.27,0.91,UK-OPP-00240,Commit,2025-01-07,GBP,2024-10-26
UK-REC-00241,2024-10-28,UK_REP_04,Devices,19583.33,0.0,UK-OPP-00241,Closed Lost,2025-01-08,GBP,2024-10-28
UK-REC-00242,2024-11-01,UK_REP_03,Therapeutics,87399.97,1.0,UK-OPP-00242,Closed Won,2025-01-02,GBP,2024-11-01
UK-REC-00243,2024-11-01,UK_REP_02,Diagnostics,103563.51,0.0,UK-OPP-00243,Closed Lost,2025-02-25,GBP,2024-11-01
UK-REC-00244,2024-11-01,UK_REP_01,Therapeutics,20495.67,0.31,UK-OPP-00244,Pipeline,2024-12-22,GBP,2024-11-01
UK-REC-00245,2024-11-03,UK_REP_01,Diagnostics,116916.03,0.86,UK-OPP-00245,Commit,2025-01-19,GBP,2024-11-03
UK-REC-00246,2024-11-03,UK_REP_02,Diagnostics,23381.87,1.0,UK-OPP-00246,Closed Won,2025-02-10,GBP,2024-11-03
UK-REC-00247,2024-11-03,UK_REP_02,Vaccines,37103.82,0.0,UK-OPP-00247,Closed Lost,2025-02-11,GBP,2024-11-03
UK-REC-00248,2024-11-04,UK_REP_01,Vaccines,126390.83,0.66,UK-OPP-00248,Upside,2025-01-11,GBP,2024-11-04
UK-REC-00249,2024-11-09,UK_REP_01,Diagnostics,95848.84,0.0,UK-OPP-00249,Closed Lost,2024-12-17,GBP,2024-11-09
UK-REC-00250,2024-11-09,UK_REP_03,Vaccines,82467.43,0.85,UK-OPP-00250,Commit,2025-02-08,GBP,2024-11-09
UK-REC-00251,2024-11-09,UK_REP_04,Diagnostics,88770.31,0.12,UK-OPP-00251,Pipeline,2025-01-16,GBP,2024-11-09
UK-REC-00252,2024-11-11,UK_REP_01,Vaccines,44105.14,0.81,UK-OPP-00252,Commit,2025-03-10,GBP,2024-11-11
UK-REC-00253,2024-11-16,UK_REP_01,Diagnostics,52848.62,1.0,UK-OPP-00253,Closed Won,2024-12-27,GBP,2024-11-16
UK-REC-00254,2024-11-16,UK_REP_01,Therapeutics,42737.23,1.0,UK-OPP-00254,Closed Won,2024-12-21,GBP,2024-11-16
UK-REC-00255,2024-11-16,UK_REP_01,Devices,101944.92,1.0,UK-OPP-00255,Closed Won,2024-12-26,GBP,2024-11-16
UK-REC-00256,2024-11-22,UK_REP_01,Devices,35268.31,0.59,UK-OPP-00256,Upside,2025-01-30,GBP,2024-11-22
UK-REC-00257,2024-11-24,UK_REP_01,Devices,48080.55,0.16,UK-OPP-00257,Pipeline,2025-02-05,GBP,2024-11-24
UK-REC-00258,2024-11-25,UK_REP_04,Vaccines,39179.2,0.54,UK-OPP-00258,Upside,2025-02-24,GBP,2024-11-25
UK-REC-00259,2024-11-27,UK_REP_03,Vaccines,52917.74,0.0,UK-OPP-00259,Closed Lost,2024-12-31,GBP,2024-11-27
UK-REC-00260,2024-11-28,UK_REP_03,Devices,120976.98,0.22,UK-OPP-00260,Pipeline,2025-02-19,GBP,2024-11-28
UK-REC-00261,2024-11-28,UK_REP_03,Devices,126479.66,0.2,UK-OPP-00261,Pipeline,2025-02-02,GBP,2024-11-28
UK-REC-00262,2024-11-28,UK_REP_02,Therapeutics,142598.85,0.36,UK-OPP-00262,Pipeline,2025-02-25,GBP,2024-11-28
UK-REC-00263,2024-11-29,UK_REP_01,Vaccines,37532.65,1.0,UK-OPP-00263,Closed Won,2025-02-28,GBP,2024-11-29
UK-REC-00264,2024-11-29,UK_REP_02,Devices,50886.4,0.53,UK-OPP-00264,Upside,2025-03-16,GBP,2024-11-29
UK-REC-00265,2024-11-29,UK_REP_02,Diagnostics,88069.36,0.19,UK-OPP-00265,Pipeline,2025-03-07,GBP,2024-11-29
UK-REC-00266,2024-11-30,UK_REP_02,Therapeutics,35175.16,0.85,UK-OPP-00266,Commit,2025-03-25,GBP,2024-11-30
UK-REC-00267,2024-12-01,UK_REP_02,Devices,105419.18,0.4,UK-OPP-00267,Pipeline,2025-01-16,GBP,2024-12-01
UK-REC-00268,2024-12-01,UK_REP_01,Devices,107479.72,0.6,UK-OPP-00268,Upside,2025-02-24,GBP,2024-12-01
UK-REC-00269,2024-12-01,UK_REP_01,Diagnostics,63492.8,0.64,UK-OPP-00269,Upside,2025-02-24,GBP,2024-12-01
UK-REC-00270,2024-12-05,UK_REP_01,Devices,79849.94,0.18,UK-OPP-00270,Pipeline,2025-01-09,GBP,2024-12-05
UK-REC-00271,2024-12-05,UK_REP_04,Vaccines,57187.79,1.0,UK-OPP-00271,Closed Won,2025-03-07,GBP,2024-12-05
UK-REC-00272,2024-12-05,UK_REP_01,Vaccines,92291.62,1.0,UK-OPP-00272,Closed Won,2025-01-11,GBP,2024-12-05
UK-REC-00273,2024-12-07,UK_REP_03,Diagnostics,14335.14,0.88,UK-OPP-00273,Commit,2025-02-23,GBP,2024-12-07
UK-REC-00274,2024-12-07,UK_REP_02,Therapeutics,19667.88,0.19,UK-OPP-00274,Pipeline,2025-02-26,GBP,2024-12-07
UK-REC-00275,2024-12-07,UK_REP_03,Diagnostics,74696.83,0.0,UK-OPP-00275,Closed Lost,2025-02-02,GBP,2024-12-07
UK-REC-00276,2024-12-09,UK_REP_01,Devices,36441.86,0.64,UK-OPP-00276,Upside,2025-02-20,GBP,2024-12-09
UK-REC-00277,2024-12-10,UK_REP_04,Vaccines,73772.35,0.44,UK-OPP-00277,Pipeline,2025-03-27,GBP,2024-12-10
UK-REC-00278,2024-12-12,UK_REP_01,Diagnostics,90704.93,0.2,UK-OPP-00278,Pipeline,2025-02-28,GBP,2024-12-12
UK-REC-00279,2024-12-13,UK_REP_04,Devices,31466.93,0.7,UK-OPP-00279,Upside,2025-03-20,GBP,2024-12-13
UK-REC-00280,2024-12-14,UK_REP_04,Devices,94308.4,1.0,UK-OPP-00280,Closed Won,2025-03-18,GBP,2024-12-14
UK-REC-00281,2024-12-15,UK_REP_02,Vaccines,97340.47,0.21,UK-OPP-00281,Pipeline,2025-02-18,GBP,2024-12-15
UK-REC-00282,2024-12-18,UK_REP_03,Vaccines,40325.92,0.34,UK-OPP-00282,Pipeline,2025-03-30,GBP,2024-12-18
UK-REC-00283,2024-12-20,UK_REP_04,Vaccines,77165.28,1.0,UK-OPP-00283,Closed Won,2025-03-01,GBP,2024-12-20
UK-REC-00284,2024-12-21,UK_REP_01,Devices,90517.75,0.88,UK-OPP-00284,Commit,2025-04-18,GBP,2024-12-21
UK-REC-00285,2024-12-24,UK_REP_01,Devices,30255.44,0.0,UK-OPP-00285,Closed Lost,2025-02-03,GBP,2024-12-24
UK-REC-00286,2024-12-24,UK_REP_01,Devices,26430.08,0.66,UK-OPP-00286,Upside,2025-02-09,GBP,2024-12-24
UK-REC-00287,2024-12-24,UK_REP_04,Therapeutics,118827.49,0.1,UK-OPP-00287,Pipeline,2025-04-08,GBP,2024-12-24
UK-REC-00288,2024-12-31,UK_REP_01,Diagnostics,41140.63,0.63,UK-OPP-00288,Upside,2025-03-14,GBP,2024-12-31
UK-REC-00289,2024-12-31,UK_REP_04,Diagnostics,96237.51,0.55,UK-OPP-00289,Upside,2025-04-06,GBP,2024-12-31
UK-REC-00290,2024-12-31,UK_REP_03,Vaccines,23619.19,0.65,UK-OPP-00290,Upside,2025-03-02,GBP,2024-12-31
UK-REC-00291,2025-01-06,UK_REP_03,Therapeutics,94283.17,0.53,UK-OPP-00291,Upside,2025-04-23,GBP,2025-01-06
UK-REC-00292,2025-01-09,UK_REP_03,Vaccines,66953.05,0.33,UK-OPP-00292,Pipeline,2025-02-24,GBP,2025-01-09
UK-REC-00293,2025-01-10,UK_REP_01,Vaccines,50976.86,1.0,UK-OPP-00293,Closed Won,2025-04-18,GBP,2025-01-10
UK-REC-00294,2025-01-11,UK_REP_02,Therapeutics,99778.95,0.87,UK-OPP-00294,Commit,2025-04-27,GBP,2025-01-11
UK-REC-00295,2025-01-12,UK_REP_04,Therapeutics,98049.47,0.45,UK-OPP-00295,Pipeline,2025-02-14,GBP,2025-01-12
UK-REC-00296,2025-01-13,UK_REP_01,Therapeutics,98044.1,0.42,UK-OPP-00296,Pipeline,2025-05-10,GBP,2025-01-13
UK-REC-00297,2025-01-14,UK_REP_01,Vaccines,19580.53,0.33,UK-OPP-00297,Pipeline,2025-04-14,GBP,2025-01-14
UK-REC-00298,2025-01-19,UK_REP_04,Vaccines,89366.85,0.6,UK-OPP-00298,Upside,2025-02-21,GBP,2025-01-19
UK-REC-00299,2025-01-20,UK_REP_04,Vaccines,14767.01,0.89,UK-OPP-00299,Commit,2025-02-23,GBP,2025-01-20
UK-REC-00300,2025-01-20,UK_REP_02,Vaccines,59811.03,1.0,UK-OPP-00300,Closed Won,2025-03-29,GBP,2025-01-20
UK-REC-00301,2025-01-21,UK_REP_04,Devices,22159.97,0.67,UK-OPP-00301,Upside,2025-03-17,GBP,2025-01-21
UK-REC-00302,2025-01-23,UK_REP_04,Devices,105578.97,1.0,UK-OPP-00302,Closed Won,2025-03-05,GBP,2025-01-23
UK-REC-00303,2025-01-23,UK_REP_04,Therapeutics,13419.4,0.58,UK-OPP-00303,Upside,2025-03-25,GBP,2025-01-23
UK-REC-00304,2025-01-27,UK_REP_01,Therapeutics,88011.55,1.0,UK-OPP-00304,Closed Won,2025-05-19,GBP,2025-01-27
UK-REC-00305,2025-01-28,UK_REP_04,Devices,27698.51,0.81,UK-OPP-00305,Commit,2025-03-30,GBP,2025-01-28
UK-REC-00306,2025-01-31,UK_REP_01,Diagnostics,14450.17,0.0,UK-OPP-00306,Closed Lost,2025-04-07,GBP,2025-01-31
UK-REC-00307,2025-02-02,UK_REP_03,Therapeutics,42618.43,0.6,UK-OPP-00307,Upside,2025-05-05,GBP,2025-02-02
UK-REC-00308,2025-02-02,UK_REP_03,Devices,29099.31,0.83,UK-OPP-00308,Commit,2025-05-26,GBP,2025-02-02
UK-REC-00309,2025-02-04,UK_REP_01,Devices,10402.65,0.19,UK-OPP-00309,Pipeline,2025-03-11,GBP,2025-02-04
UK-REC-00310,2025-02-05,UK_REP_03,Diagnostics,67431.97,0.68,UK-OPP-00310,Upside,2025-05-28,GBP,2025-02-05
UK-REC-00311,2025-02-09,UK_REP_02,Vaccines,99697.27,0.13,UK-OPP-00311,Pipeline,2025-04-26,GBP,2025-02-09
UK-REC-00312,2025-02-09,UK_REP_03,Vaccines,87357.62,0.27,UK-OPP-00312,Pipeline,2025-05-25,GBP,2025-02-09
UK-REC-00313,2025-02-13,UK_REP_03,Vaccines,69981.79,0.23,UK-OPP-00313,Pipeline,2025-04-28,GBP,2025-02-13
UK-REC-00314,2025-02-14,UK_REP_03,Vaccines,42638.96,1.0,UK-OPP-00314,Closed Won,2025-04-24,GBP,2025-02-14
UK-REC-00315,2025-02-18,UK_REP_04,Therapeutics,111261.85,0.29,UK-OPP-00315,Pipeline,2025-04-18,GBP,2025-02-18
UK-REC-00316,2025-02-20,UK_REP_03,Devices,39926.64,1.0,UK-OPP-00316,Closed Won,2025-06-07,GBP,2025-02-20
UK-REC-00317,2025-02-21,UK_REP_02,Vaccines,100696.71,0.54,UK-OPP-00317,Upside,2025-06-08,GBP,2025-02-21
UK-REC-00318,2025-02-23,UK_REP_04,Devices,90128.8,0.0,UK-OPP-00318,Closed Lost,2025-06-13,GBP,2025-02-23
UK-REC-00319,2025-02-23,UK_REP_03,Therapeutics,25697.65,0.87,UK-OPP-00319,Commit,2025-06-16,GBP,2025-02-23
UK-REC-00320,2025-02-28,UK_REP_04,Vaccines,23313.47,0.42,UK-OPP-00320,Pipeline,2025-06-17,GBP,2025-02-28
UK-REC-00321,2025-02-28,UK_REP_04,Diagnostics,68367.95,1.0,UK-OPP-00321,Closed Won,2025-06-17,GBP,2025-02-28
UK-REC-00322,2025-03-01,UK_REP_04,Diagnostics,19643.91,0.93,UK-OPP-00322,Commit,2025-04-29,GBP,2025-03-01
UK-REC-00323,2025-03-07,UK_REP_02,Vaccines,113506.23,0.67,UK-OPP-00323,Upside,2025-04-07,GBP,2025-03-07
UK-REC-00324,2025-03-08,UK_REP_04,Therapeutics,82253.4,0.89,UK-OPP-00324,Commit,2025-06-07,GBP,2025-03-08
UK-REC-00325,2025-03-08,UK_REP_03,Devices,12258.14,0.25,UK-OPP-00325,Pipeline,2025-05-08,GBP,2025-03-08
UK-REC-00326,2025-03-12,UK_REP_01,Devices,17122.9,0.34,UK-OPP-00326,Pipeline,2025-04-22,GBP,2025-03-12
UK-REC-00327,2025-03-14,UK_REP_01,Diagnostics,22833.79,1.0,UK-OPP-00327,Closed Won,2025-04-30,GBP,2025-03-14
UK-REC-00328,2025-03-15,UK_REP_02,Vaccines,14131.08,1.0,UK-OPP-00328,Closed Won,2025-05-09,GBP,2025-03-15
UK-REC-00329,2025-03-15,UK_REP_02,Devices,41340.88,0.3,UK-OPP-00329,Pipeline,2025-06-30,GBP,2025-03-15
UK-REC-00330,2025-03-19,UK_REP_03,Devices,27593.13,0.85,UK-OPP-00330,Commit,2025-05-20,GBP,2025-03-19
UK-REC-00331,2025-03-21,UK_REP_02,Vaccines,31516.52,0.87,UK-OPP-00331,Commit,2025-05-15,GBP,2025-03-21
UK-REC-00332,2025-03-25,UK_REP_02,Diagnostics,34758.36,0.0,UK-OPP-00332,Closed Lost,2025-04-28,GBP,2025-03-25
UK-REC-00333,2025-03-26,UK_REP_04,Devices,107900.41,0.12,UK-OPP-00333,Pipeline,2025-07-11,GBP,2025-03-26
UK-REC-00334,2025-03-28,UK_REP_01,Devices,13571.29,0.29,UK-OPP-00334,Pipeline,2025-06-24,GBP,2025-03-28
UK-REC-00335,2025-03-30,UK_REP_02,Devices,32350.48,0.86,UK-OPP-00335,Commit,2025-07-15,GBP,2025-03-30
UK-REC-00336,2025-03-30,UK_REP_02,Devices,70311.6,1.0,UK-OPP-00336,Closed Won,2025-07-02,GBP,2025-03-30
UK-REC-00337,2025-04-01,UK_REP_02,Diagnostics,16652.41,0.54,UK-OPP-00337,Upside,2025-07-09,GBP,2025-04-01
UK-REC-00338,2025-04-01,UK_REP_02,Vaccines,100117.43,0.74,UK-OPP-00338,Upside,2025-05-18,GBP,2025-04-01
UK-REC-00339,2025-04-02,UK_REP_04,Vaccines,75876.46,0.25,UK-OPP-00339,Pipeline,2025-07-09,GBP,2025-04-02
UK-REC-00340,2025-04-03,UK_REP_02,Therapeutics,98866.4,0.73,UK-OPP-00340,Upside,2025-07-12,GBP,2025-04-03
UK-REC-00341,2025-04-06,UK_REP_03,Devices,114226.98,0.37,UK-OPP-00341,Pipeline,2025-07-05,GBP,2025-04-06
UK-REC-00342,2025-04-11,UK_REP_04,Diagnostics,19358.74,1.0,UK-OPP-00342,Closed Won,2025-07-16,GBP,2025-04-11
UK-REC-00343,2025-04-12,UK_REP_04,Therapeutics,61258.8,0.72,UK-OPP-00343,Upside,2025-06-28,GBP,2025-04-12
UK-REC-00344,2025-04-14,UK_REP_04,Therapeutics,13545.65,0.58,UK-OPP-00344,Upside,2025-07-17,GBP,2025-04-14
UK-REC-00345,2025-04-15,UK_REP_02,Vaccines,16414.79,0.68,UK-OPP-00345,Upside,2025-07-20,GBP,2025-04-15
UK-REC-00346,2025-04-15,UK_REP_02,Therapeutics,14185.86,0.72,UK-OPP-00346,Upside,2025-06-07,GBP,2025-04-15
UK-REC-00347,2025-04-16,UK_REP_02,Vaccines,38269.74,0.95,UK-OPP-00347,Commit,2025-05-25,GBP,2025-04-16
UK-REC-00348,2025-04-16,UK_REP_03,Therapeutics,97527.5,0.23,UK-OPP-00348,Pipeline,2025-05-22,GBP,2025-04-16
UK-REC-00349,2025-04-17,UK_REP_01,Vaccines,103378.63,0.75,UK-OPP-00349,Upside,2025-07-01,GBP,2025-04-17
UK-REC-00350,2025-04-18,UK_REP_01,Diagnostics,113650.27,0.92,UK-OPP-00350,Commit,2025-08-10,GBP,2025-04-18
UK-REC-00351,2025-04-18,UK_REP_03,Therapeutics,31098.0,1.0,UK-OPP-00351,Closed Won,2025-07-05,GBP,2025-04-18
UK-REC-00352,2025-04-23,UK_REP_01,Vaccines,102016.78,0.0,UK-OPP-00352,Closed Lost,2025-06-20,GBP,2025-04-23
UK-REC-00353,2025-04-23,UK_REP_04,Therapeutics,111526.21,1.0,UK-OPP-00353,Closed Won,2025-07-07,GBP,2025-04-23
UK-REC-00354,2025-04-24,UK_REP_03,Devices,51952.05,0.39,UK-OPP-00354,Pipeline,2025-08-22,GBP,2025-04-24
UK-REC-00355,2025-04-25,UK_REP_04,Diagnostics,73580.76,0.81,UK-OPP-00355,Commit,2025-06-18,GBP,2025-04-25
UK-REC-00356,2025-04-25,UK_REP_02,Devices,112373.3,0.88,UK-OPP-00356,Commit,2025-07-19,GBP,2025-04-25
UK-REC-00357,2025-05-04,UK_REP_03,Therapeutics,9912.3,0.91,UK-OPP-00357,Commit,2025-07-01,GBP,2025-05-04
UK-REC-00358,2025-05-05,UK_REP_01,Diagnostics,99297.51,1.0,UK-OPP-00358,Closed Won,2025-06-28,GBP,2025-05-05
UK-REC-00359,2025-05-08,UK_REP_02,Vaccines,77796.16,1.0,UK-OPP-00359,Closed Won,2025-07-18,GBP,2025-05-08
UK-REC-00360,2025-05-08,UK_REP_04,Therapeutics,43703.17,0.91,UK-OPP-00360,Commit,2025-08-31,GBP,2025-05-08
UK-REC-00361,2025-05-10,UK_REP_04,Devices,22543.1,0.44,UK-OPP-00361,Pipeline,2025-08-17,GBP,2025-05-10
UK-REC-00362,2025-05-13,UK_REP_01,Devices,20568.15,0.66,UK-OPP-00362,Upside,2025-08-18,GBP,2025-05-13
UK-REC-00363,2025-05-14,UK_REP_04,Vaccines,104071.2,0.34,UK-OPP-00363,Pipeline,2025-06-23,GBP,2025-05-14
UK-REC-00364,2025-05-16,UK_REP_01,Therapeutics,100544.88,0.0,UK-OPP-00364,Closed Lost,2025-07-14,GBP,2025-05-16
UK-REC-00365,2025-05-16,UK_REP_04,Devices,38934.2,1.0,UK-OPP-00365,Closed Won,2025-07-11,GBP,2025-05-16
UK-REC-00366,2025-05-24,UK_REP_03,Therapeutics,13608.11,0.59,UK-OPP-00366,Upside,2025-07-15,GBP,2025-05-24
UK-REC-00367,2025-05-24,UK_REP_01,Devices,16672.39,0.0,UK-OPP-00367,Closed Lost,2025-06-29,GBP,2025-05-24
UK-REC-00368,2025-06-07,UK_REP_03,Diagnostics,31680.71,0.67,UK-OPP-00368,Upside,2025-08-13,GBP,2025-06-07
UK-REC-00369,2025-06-15,UK_REP_02,Therapeutics,22156.36,1.0,UK-OPP-00369,Closed Won,2025-09-08,GBP,2025-06-15
UK-REC-00370,2025-06-16,UK_REP_04,Devices,86068.81,0.36,UK-OPP-00370,Pipeline,2025-07-19,GBP,2025-06-16
UK-REC-00371,2025-06-20,UK_REP_02,Vaccines,106246.02,0.9,UK-OPP-00371,Commit,2025-08-24,GBP,2025-06-20
UK-REC-00372,2025-06-24,UK_REP_01,Therapeutics,10964.28,0.13,UK-OPP-00372,Pipeline,2025-10-19,GBP,2025-06-24
UK-REC-00373,2025-06-26,UK_REP_01,Therapeutics,107905.65,0.26,UK-OPP-00373,Pipeline,2025-10-04,GBP,2025-06-26
UK-REC-00374,2025-06-30,UK_REP_03,Devices,80949.13,0.85,UK-OPP-00374,Commit,2025-09-20,GBP,2025-06-30
UK-REC-00375,2025-07-04,UK_REP_04,Diagnostics,37758.07,0.3,UK-OPP-00375,Pipeline,2025-10-08,GBP,2025-07-04
UK-REC-00376,2025-07-06,UK_REP_04,Vaccines,46740.95,0.29,UK-OPP-00376,Pipeline,2025-10-10,GBP,2025-07-06
UK-REC-00377,2025-07-09,UK_REP_03,Diagnostics,72611.89,0.17,UK-OPP-00377,Pipeline,2025-09-16,GBP,2025-07-09
UK-REC-00378,2025-07-14,UK_REP_02,Diagnostics,35221.58,0.9,UK-OPP-00378,Commit,2025-08-22,GBP,2025-07-14
UK-REC-00379,2025-07-14,UK_REP_02,Therapeutics,48300.51,0.0,UK-OPP-00379,Closed Lost,2025-10-09,GBP,2025-07-14
UK-REC-00380,2025-07-15,UK_REP_02,Devices,86245.12,0.41,UK-OPP-00380,Pipeline,2025-08-19,GBP,2025-07-15
UK-REC-00381,2025-07-15,UK_REP_04,Therapeutics,113249.1,0.61,UK-OPP-00381,Upside,2025-11-02,GBP,2025-07-15
UK-REC-00382,2025-07-16,UK_REP_01,Devices,102520.72,1.0,UK-OPP-00382,Closed Won,2025-10-30,GBP,2025-07-16
UK-REC-00383,2025-07-20,UK_REP_03,Diagnostics,59571.04,1.0,UK-OPP-00383,Closed Won,2025-10-21,GBP,2025-07-20
UK-REC-00384,2025-07-20,UK_REP_03,Diagnostics,35359.72,0.0,UK-OPP-00384,Closed Lost,2025-10-27,GBP,2025-07-20
UK-REC-00385,2025-07-23,UK_REP_01,Therapeutics,101196.09,0.44,UK-OPP-00385,Pipeline,2025-08-26,GBP,2025-07-23
UK-REC-00386,2025-07-24,UK_REP_04,Therapeutics,22849.2,1.0,UK-OPP-00386,Closed Won,2025-09-27,GBP,2025-07-24
UK-REC-00387,2025-07-26,UK_REP_01,Vaccines,57105.39,0.84,UK-OPP-00387,Commit,2025-11-15,GBP,2025-07-26
UK-REC-00388,2025-07-27,UK_REP_01,Diagnostics,28682.78,0.53,UK-OPP-00388,Upside,2025-10-21,GBP,2025-07-27
UK-REC-00389,2025-07-27,UK_REP_03,Diagnostics,79344.03,0.63,UK-OPP-00389,Upside,2025-10-18,GBP,2025-07-27
UK-REC-00390,2025-07-28,UK_REP_04,Vaccines,91809.59,0.9,UK-OPP-00390,Commit,2025-09-24,GBP,2025-07-28
UK-REC-00391,2025-07-29,UK_REP_01,Therapeutics,90774.35,0.22,UK-OPP-00391,Pipeline,2025-10-23,GBP,2025-07-29
UK-REC-00392,2025-08-01,UK_REP_04,Vaccines,41500.53,0.7,UK-OPP-00392,Upside,2025-11-08,GBP,2025-08-01
UK-REC-00393,2025-08-05,UK_REP_03,Vaccines,55372.59,0.75,UK-OPP-00393,Upside,2025-09-06,GBP,2025-08-05
UK-REC-00394,2025-08-07,UK_REP_01,Therapeutics,59695.14,0.92,UK-OPP-00394,Commit,2025-09-24,GBP,2025-08-07
UK-REC-00395,2025-08-09,UK_REP_01,Diagnostics,43255.86,0.0,UK-OPP-00395,Closed Lost,2025-11-18,GBP,2025-08-09
UK-REC-00396,2025-08-10,UK_REP_01,Therapeutics,79001.8,0.15,UK-OPP-00396,Pipeline,2025-11-29,GBP,2025-08-10
UK-REC-00397,2025-08-12,UK_REP_03,Therapeutics,11561.3,1.0,UK-OPP-00397,Closed Won,2025-09-29,GBP,2025-08-12
UK-REC-00398,2025-08-12,UK_REP_04,Diagnostics,85951.81,0.91,UK-OPP-00398,Commit,2025-12-03,GBP,2025-08-12
UK-REC-00399,2025-08-13,UK_REP_03,Devices,118278.31,0.0,UK-OPP-00399,Closed Lost,2025-10-04,GBP,2025-08-13
UK-REC-00400,2025-08-13,UK_REP_01,Therapeutics,33139.02,0.15,UK-OPP-00400,Pipeline,2025-11-14,GBP,2025-08-13
UK-REC-00401,2025-08-17,UK_REP_03,Diagnostics,87265.09,0.83,UK-OPP-00401,Commit,2025-10-11,GBP,2025-08-17
UK-REC-00402,2025-08-19,UK_REP_03,Vaccines,9278.78,0.6,UK-OPP-00402,Upside,2025-12-06,GBP,2025-08-19
UK-REC-00403,2025-08-21,UK_REP_02,Vaccines,54749.9,0.26,UK-OPP-00403,Pipeline,2025-10-13,GBP,2025-08-21
UK-REC-00404,2025-08-22,UK_REP_03,Devices,41980.33,0.82,UK-OPP-00404,Commit,2025-10-16,GBP,2025-08-22
UK-REC-00405,2025-08-22,UK_REP_03,Therapeutics,47093.32,0.2,UK-OPP-00405,Pipeline,2025-10-29,GBP,2025-08-22
UK-REC-00406,2025-08-24,UK_REP_04,Devices,17293.35,0.26,UK-OPP-00406,Pipeline,2025-09-29,GBP,2025-08-24
UK-REC-00407,2025-08-29,UK_REP_01,Devices,57259.5,0.69,UK-OPP-00407,Upside,2025-12-09,GBP,2025-08-29
UK-REC-00408,2025-08-30,UK_REP_03,Vaccines,48705.79,0.23,UK-OPP-00408,Pipeline,2025-11-15,GBP,2025-08-30
UK-REC-00409,2025-08-31,UK_REP_04,Diagnostics,97211.31,0.92,UK-OPP-00409,Commit,2025-10-23,GBP,2025-08-31
UK-REC-00410,2025-09-01,UK_REP_02,Therapeutics,105653.35,1.0,UK-OPP-00410,Closed Won,2025-12-02,GBP,2025-09-01
UK-REC-00411,2025-09-02,UK_REP_03,Devices,107204.95,0.91,UK-OPP-00411,Commit,2025-11-20,GBP,2025-09-02
UK-REC-00412,2025-09-04,UK_REP_02,Devices,68590.94,0.66,UK-OPP-00412,Upside,2025-12-04,GBP,2025-09-04
UK-REC-00413,2025-09-07,UK_REP_04,Devices,80553.0,0.3,UK-OPP-00413,Pipeline,2026-01-02,GBP,2025-09-07
UK-REC-00414,2025-09-11,UK_REP_01,Vaccines,87968.59,0.89,UK-OPP-00414,Commit,2025-11-22,GBP,2025-09-11
UK-REC-00415,2025-09-12,UK_REP_02,Diagnostics,63432.94,1.0,UK-OPP-00415,Closed Won,2025-11-21,GBP,2025-09-12
UK-REC-00416,2025-09-14,UK_REP_02,Devices,63650.16,1.0,UK-OPP-00416,Closed Won,2025-11-01,GBP,2025-09-14
UK-REC-00417,2025-09-15,UK_REP_03,Vaccines,36811.63,0.56,UK-OPP-00417,Upside,2025-11-15,GBP,2025-09-15
UK-REC-00418,2025-09-16,UK_REP_03,Vaccines,50281.19,1.0,UK-OPP-00418,Closed Won,2025-12-19,GBP,2025-09-16
UK-REC-00419,2025-09-16,UK_REP_01,Therapeutics,69302.73,0.1,UK-OPP-00419,Pipeline,2025-10-22,GBP,2025-09-16
UK-REC-00420,2025-09-17,UK_REP_02,Diagnostics,67056.76,1.0,UK-OPP-00420,Closed Won,2025-12-09,GBP,2025-09-17
UK-REC-00421,2025-09-20,UK_REP_03,Diagnostics,104203.1,0.32,UK-OPP-00421,Pipeline,2025-11-01,GBP,2025-09-20
UK-REC-00422,2025-09-22,UK_REP_03,Therapeutics,15109.7,1.0,UK-OPP-00422,Closed Won,2025-11-17,GBP,2025-09-22
UK-REC-00423,2025-09-27,UK_REP_03,Vaccines,84699.64,0.0,UK-OPP-00423,Closed Lost,2025-12-26,GBP,2025-09-27
UK-REC-00424,2025-09-28,UK_REP_02,Devices,66002.63,0.57,UK-OPP-00424,Upside,2025-12-30,GBP,2025-09-28
UK-REC-00425,2025-09-29,UK_REP_04,Diagnostics,83615.92,0.14,UK-OPP-00425,Pipeline,2025-11-12,GBP,2025-09-29
UK-REC-00426,2025-09-30,UK_REP_02,Diagnostics,102831.32,0.55,UK-OPP-00426,Upside,2025-11-26,GBP,2025-09-30
UK-REC-00427,2025-10-06,UK_REP_01,Therapeutics,94368.25,0.71,UK-OPP-00427,Upside,2026-01-01,GBP,2025-10-06
UK-REC-00428,2025-10-06,UK_REP_01,Devices,39260.17,0.0,UK-OPP-00428,Closed Lost,2025-12-15,GBP,2025-10-06
UK-REC-00429,2025-10-06,UK_REP_04,Therapeutics,141409.11,0.2,UK-OPP-00429,Pipeline,2025-12-06,GBP,2025-10-06
UK-REC-00430,2025-10-07,UK_REP_04,Diagnostics,154577.74,0.38,UK-OPP-00430,Pipeline,2025-11-17,GBP,2025-10-07
UK-REC-00431,2025-10-10,UK_REP_01,Diagnostics,100053.75,1.0,UK-OPP-00431,Closed Won,2026-01-22,GBP,2025-10-10
UK-REC-00432,2025-10-10,UK_REP_04,Vaccines,46243.03,0.85,UK-OPP-00432,Commit,2025-12-03,GBP,2025-10-10
UK-REC-00433,2025-10-10,UK_REP_01,Vaccines,147412.48,0.2,UK-OPP-00433,Pipeline,2025-12-05,GBP,2025-10-10
UK-REC-00434,2025-10-13,UK_REP_01,Vaccines,140942.88,0.19,UK-OPP-00434,Pipeline,2025-11-24,GBP,2025-10-13
UK-REC-00435,2025-10-14,UK_REP_02,Therapeutics,31136.68,0.17,UK-OPP-00435,Pipeline,2025-11-24,GBP,2025-10-14
UK-REC-00436,2025-10-19,UK_REP_03,Vaccines,97913.88,0.0,UK-OPP-00436,Closed Lost,2025-12-04,GBP,2025-10-19
UK-REC-00437,2025-10-20,UK_REP_04,Diagnostics,118539.39,0.0,UK-OPP-00437,Closed Lost,2026-01-07,GBP,2025-10-20
UK-REC-00438,2025-10-22,UK_REP_01,Vaccines,114342.27,0.0,UK-OPP-00438,Closed Lost,2026-01-05,GBP,2025-10-22
UK-REC-00439,2025-10-25,UK_REP_04,Devices,82128.51,0.92,UK-OPP-00439,Commit,2026-01-10,GBP,2025-10-25
UK-REC-00440,2025-10-27,UK_REP_03,Vaccines,50253.63,0.15,UK-OPP-00440,Pipeline,2026-02-03,GBP,2025-10-27
UK-REC-00441,2025-11-05,UK_REP_01,Therapeutics,99938.68,1.0,UK-OPP-00441,Closed Won,2025-12-28,GBP,2025-11-05
UK-REC-00442,2025-11-06,UK_REP_04,Vaccines,122428.82,0.33,UK-OPP-00442,Pipeline,2026-02-12,GBP,2025-11-06
UK-REC-00443,2025-11-06,UK_REP_03,Therapeutics,73143.05,0.34,UK-OPP-00443,Pipeline,2026-01-23,GBP,2025-11-06
UK-REC-00444,2025-11-06,UK_REP_01,Diagnostics,21149.94,0.4,UK-OPP-00444,Pipeline,2026-01-09,GBP,2025-11-06
UK-REC-00445,2025-11-10,UK_REP_02,Vaccines,69305.49,0.0,UK-OPP-00445,Closed Lost,2026-01-20,GBP,2025-11-10
UK-REC-00446,2025-11-11,UK_REP_02,Vaccines,146933.25,0.36,UK-OPP-00446,Pipeline,2026-02-01,GBP,2025-11-11
UK-REC-00447,2025-11-11,UK_REP_01,Diagnostics,143252.93,0.22,UK-OPP-00447,Pipeline,2026-01-10,GBP,2025-11-11
UK-REC-00448,2025-11-11,UK_REP_04,Therapeutics,45039.81,0.18,UK-OPP-00448,Pipeline,2026-02-27,GBP,2025-11-11
UK-REC-00449,2025-11-14,UK_REP_01,Devices,31122.41,0.42,UK-OPP-00449,Pipeline,2026-02-18,GBP,2025-11-14
UK-REC-00450,2025-11-17,UK_REP_03,Diagnostics,109978.65,0.68,UK-OPP-00450,Upside,2025-12-21,GBP,2025-11-17
UK-REC-00451,2025-11-25,UK_REP_04,Devices,46457.47,1.0,UK-OPP-00451,Closed Won,2026-02-25,GBP,2025-11-25
UK-REC-00452,2025-11-26,UK_REP_01,Therapeutics,57482.22,0.54,UK-OPP-00452,Upside,2026-01-11,GBP,2025-11-26
UK-REC-00453,2025-11-26,UK_REP_04,Diagnostics,99668.69,1.0,UK-OPP-00453,Closed Won,2026-01-09,GBP,2025-11-26
UK-REC-00454,2025-11-26,UK_REP_03,Diagnostics,139700.49,0.0,UK-OPP-00454,Closed Lost,2026-02-21,GBP,2025-11-26
UK-REC-00455,2025-11-27,UK_REP_01,Devices,34176.3,0.37,UK-OPP-00455,Pipeline,2026-01-07,GBP,2025-11-27
UK-REC-00456,2025-11-27,UK_REP_04,Vaccines,71768.58,0.0,UK-OPP-00456,Closed Lost,2026-01-28,GBP,2025-11-27
UK-REC-00457,2025-11-27,UK_REP_02,Vaccines,150847.61,0.27,UK-OPP-00457,Pipeline,2026-03-11,GBP,2025-11-27
UK-REC-00458,2025-11-28,UK_REP_03,Therapeutics,23390.37,1.0,UK-OPP-00458,Closed Won,2026-03-08,GBP,2025-11-28
UK-REC-00459,2025-11-28,UK_REP_02,Therapeutics,40649.44,1.0,UK-OPP-00459,Closed Won,2026-01-09,GBP,2025-11-28
UK-REC-00460,2025-11-28,UK_REP_01,Therapeutics,136982.02,1.0,UK-OPP-00460,Closed Won,2026-03-11,GBP,2025-11-28
UK-REC-00461,2025-12-01,UK_REP_01,Diagnostics,56768.04,0.87,UK-OPP-00461,Commit,2026-01-05,GBP,2025-12-01
UK-REC-00462,2025-12-03,UK_REP_03,Diagnostics,51837.6,1.0,UK-OPP-00462,Closed Won,2026-01-29,GBP,2025-12-03
UK-REC-00463,2025-12-03,UK_REP_02,Therapeutics,111059.11,0.0,UK-OPP-00463,Closed Lost,2026-03-28,GBP,2025-12-03
UK-REC-00464,2025-12-03,UK_REP_01,Therapeutics,51675.27,0.69,UK-OPP-00464,Upside,2026-01-24,GBP,2025-12-03
UK-REC-00465,2025-12-05,UK_REP_04,Devices,142353.91,0.63,UK-OPP-00465,Upside,2026-03-03,GBP,2025-12-05
UK-REC-00466,2025-12-05,UK_REP_01,Devices,93750.96,0.53,UK-OPP-00466,Upside,2026-01-15,GBP,2025-12-05
UK-REC-00467,2025-12-05,UK_REP_02,Devices,17780.92,0.93,UK-OPP-00467,Commit,2026-01-16,GBP,2025-12-05
UK-REC-00468,2025-12-06,UK_REP_01,Devices,138344.67,0.33,UK-OPP-00468,Pipeline,2026-03-04,GBP,2025-12-06
UK-REC-00469,2025-12-08,UK_REP_02,Diagnostics,92710.16,0.0,UK-OPP-00469,Closed Lost,2026-04-06,GBP,2025-12-08
UK-REC-00470,2025-12-12,UK_REP_04,Vaccines,128186.66,1.0,UK-OPP-00470,Closed Won,2026-02-03,GBP,2025-12-12
UK-REC-00471,2025-12-13,UK_REP_03,Vaccines,119942.17,0.9,UK-OPP-00471,Commit,2026-01-13,GBP,2025-12-13
UK-REC-00472,2025-12-15,UK_REP_01,Therapeutics,85888.35,0.81,UK-OPP-00472,Commit,2026-02-16,GBP,2025-12-15
UK-REC-00473,2025-12-16,UK_REP_03,Devices,151163.07,1.0,UK-OPP-00473,Closed Won,2026-01-15,GBP,2025-12-16
UK-REC-00474,2025-12-18,UK_REP_03,Vaccines,102480.7,0.33,UK-OPP-00474,Pipeline,2026-02-07,GBP,2025-12-18
UK-REC-00475,2025-12-20,UK_REP_01,Diagnostics,104850.93,1.0,UK-OPP-00475,Closed Won,2026-03-12,GBP,2025-12-20
UK-REC-00476,2025-12-28,UK_REP_01,Vaccines,58170.83,1.0,UK-OPP-00476,Closed Won,2026-02-04,GBP,2025-12-28
UK-REC-00477,2025-12-28,UK_REP_01,Vaccines,59134.62,0.84,UK-OPP-00477,Commit,2026-04-01,GBP,2025-12-28
UK-REC-00478,2025-12-28,UK_REP_02,Vaccines,50386.14,0.0,UK-OPP-00478,Closed Lost,2026-04-24,GBP,2025-12-28
UK-REC-00479,2025-12-29,UK_REP_04,Devices,54461.41,1.0,UK-OPP-00479,Closed Won,2026-03-27,GBP,2025-12-29
UK-REC-00480,2026-01-03,UK_REP_03,Diagnostics,12918.02,1.0,UK-OPP-00480,Closed Won,2026-04-19,GBP,2026-01-03
UK-REC-00481,2026-01-06,UK_REP_03,Vaccines,121548.02,0.87,UK-OPP-00481,Commit,2026-03-01,GBP,2026-01-06
UK-REC-00482,2026-01-08,UK_REP_04,Vaccines,13516.35,0.89,UK-OPP-00482,Commit,2026-03-13,GBP,2026-01-08
UK-REC-00483,2026-01-10,UK_REP_03,Vaccines,100937.81,0.41,UK-OPP-00483,Pipeline,2026-03-30,GBP,2026-01-10
UK-REC-00484,2026-01-11,UK_REP_03,Vaccines,23091.57,0.73,UK-OPP-00484,Upside,2026-02-11,GBP,2026-01-11
UK-REC-00485,2026-01-12,UK_REP_04,Diagnostics,102155.43,0.6,UK-OPP-00485,Upside,2026-03-24,GBP,2026-01-12
UK-REC-00486,2026-01-19,UK_REP_04,Therapeutics,104414.59,0.3,UK-OPP-00486,Pipeline,2026-03-15,GBP,2026-01-19
UK-REC-00487,2026-01-19,UK_REP_02,Diagnostics,111247.51,0.63,UK-OPP-00487,Upside,2026-05-08,GBP,2026-01-19
UK-REC-00488,2026-01-20,UK_REP_02,Diagnostics,35643.26,0.81,UK-OPP-00488,Commit,2026-03-08,GBP,2026-01-20
UK-REC-00489,2026-01-24,UK_REP_01,Diagnostics,33534.43,0.7,UK-OPP-00489,Upside,2026-03-16,GBP,2026-01-24
UK-REC-00490,2026-01-26,UK_REP_02,Vaccines,9906.85,0.0,UK-OPP-00490,Closed Lost,2026-04-04,GBP,2026-01-26
UK-REC-00491,2026-01-27,UK_REP_03,Diagnostics,105629.2,1.0,UK-OPP-00491,Closed Won,2026-04-01,GBP,2026-01-27
UK-REC-00492,2026-01-28,UK_REP_01,Vaccines,12481.12,0.73,UK-OPP-00492,Upside,2026-04-23,GBP,2026-01-28
UK-REC-00493,2026-01-29,UK_REP_03,Vaccines,121995.46,1.0,UK-OPP-00493,Closed Won,2026-05-15,GBP,2026-01-29
UK-REC-00494,2026-01-30,UK_REP_03,Therapeutics,59797.18,0.43,UK-OPP-00494,Pipeline,2026-04-11,GBP,2026-01-30
UK-REC-00495,2026-01-31,UK_REP_04,Vaccines,40115.55,0.17,UK-OPP-00495,Pipeline,2026-03-12,GBP,2026-01-31
UK-REC-00496,2026-02-02,UK_REP_01,Therapeutics,47084.05,0.0,UK-OPP-00496,Closed Lost,2026-04-16,GBP,2026-02-02
UK-REC-00497,2026-02-09,UK_REP_04,Devices,50276.49,1.0,UK-OPP-00497,Closed Won,2026-05-30,GBP,2026-02-09
UK-REC-00498,2026-02-10,UK_REP_04,Devices,122689.89,1.0,UK-OPP-00498,Closed Won,2026-03-27,GBP,2026-02-10
UK-REC-00499,2026-02-11,UK_REP_04,Devices,105026.58,0.6,UK-OPP-00499,Upside,2026-04-21,GBP,2026-02-11
UK-REC-00500,2026-02-14,UK_REP_04,Devices,75467.57,0.42,UK-OPP-00500,Pipeline,2026-03-27,GBP,2026-02-14
UK-REC-00501,2026-02-17,UK_REP_01,Devices,35738.52,0.83,UK-OPP-00501,Commit,2026-04-18,GBP,2026-02-17
UK-REC-00502,2026-02-17,UK_REP_01,Devices,113452.01,0.0,UK-OPP-00502,Closed Lost,2026-05-21,GBP,2026-02-17
UK-REC-00503,2026-02-18,UK_REP_04,Therapeutics,57762.96,0.52,UK-OPP-00503,Upside,2026-06-13,GBP,2026-02-18
UK-REC-00504,2026-02-21,UK_REP_04,Therapeutics,18558.36,0.94,UK-OPP-00504,Commit,2026-05-19,GBP,2026-02-21
UK-REC-00505,2026-02-25,UK_REP_01,Therapeutics,43574.3,0.8,UK-OPP-00505,Commit,2026-05-16,GBP,2026-02-25
UK-REC-00506,2026-03-01,UK_REP_01,Therapeutics,64266.78,0.0,UK-OPP-00506,Closed Lost,2026-06-16,GBP,2026-03-01
UK-REC-00507,2026-03-05,UK_REP_03,Vaccines,95779.53,0.86,UK-OPP-00507,Commit,2026-04-25,GBP,2026-03-05
UK-REC-00508,2026-03-06,UK_REP_02,Diagnostics,94939.14,0.85,UK-OPP-00508,Commit,2026-05-28,GBP,2026-03-06
UK-REC-00509,2026-03-06,UK_REP_02,Vaccines,100166.86,0.9,UK-OPP-00509,Commit,2026-05-04,GBP,2026-03-06
UK-REC-00510,2026-03-11,UK_REP_02,Diagnostics,62130.22,0.88,UK-OPP-00510,Commit,2026-06-25,GBP,2026-03-11
UK-REC-00511,2026-03-14,UK_REP_01,Diagnostics,51381.08,1.0,UK-OPP-00511,Closed Won,2026-05-28,GBP,2026-03-14
UK-REC-00512,2026-03-15,UK_REP_04,Devices,78964.79,0.62,UK-OPP-00512,Upside,2026-05-03,GBP,2026-03-15
UK-REC-00513,2026-03-21,UK_REP_01,Devices,106922.32,1.0,UK-OPP-00513,Closed Won,2026-07-13,GBP,2026-03-21
UK-REC-00514,2026-03-23,UK_REP_03,Vaccines,98846.55,0.91,UK-OPP-00514,Commit,2026-07-21,GBP,2026-03-23
UK-REC-00515,2026-03-27,UK_REP_02,Therapeutics,97283.94,0.67,UK-OPP-00515,Upside,2026-05-04,GBP,2026-03-27
UK-REC-00516,2026-03-27,UK_REP_04,Therapeutics,47887.85,0.9,UK-OPP-00516,Commit,2026-07-10,GBP,2026-03-27
UK-REC-00517,2026-03-30,UK_REP_01,Devices,92655.91,0.93,UK-OPP-00517,Commit,2026-07-15,GBP,2026-03-30
UK-REC-00518,2026-03-30,UK_REP_01,Vaccines,125585.0,0.34,UK-OPP-00518,Pipeline,2026-07-02,GBP,2026-03-30
UK-REC-00519,2026-03-31,UK_REP_02,Vaccines,123516.24,0.14,UK-OPP-00519,Pipeline,2026-07-21,GBP,2026-03-31
UK-REC-00520,2026-04-07,UK_REP_03,Diagnostics,16970.86,0.66,UK-OPP-00520,Upside,2026-06-25,GBP,2026-04-07
UK-REC-00521,2026-04-15,UK_REP_04,Devices,27446.78,1.0,UK-OPP-00521,Closed Won,2026-06-06,GBP,2026-04-15
UK-REC-00522,2026-04-15,UK_REP_02,Diagnostics,76062.04,0.8,UK-OPP-00522,Commit,2026-07-18,GBP,2026-04-15
UK-REC-00523,2026-04-18,UK_REP_01,Vaccines,45602.52,1.0,UK-OPP-00523,Closed Won,2026-07-16,GBP,2026-04-18
UK-REC-00524,2026-04-18,UK_REP_02,Vaccines,24448.26,1.0,UK-OPP-00524,Closed Won,2026-06-18,GBP,2026-04-18
UK-REC-00525,2026-04-20,UK_REP_01,Diagnostics,123511.07,0.62,UK-OPP-00525,Upside,2026-08-03,GBP,2026-04-20
UK-REC-00526,2026-04-20,UK_REP_02,Devices,108431.29,0.84,UK-OPP-00526,Commit,2026-08-03,GBP,2026-04-20
UK-REC-00527,2026-04-21,UK_REP_01,Diagnostics,67205.06,0.54,UK-OPP-00527,Upside,2026-07-06,GBP,2026-04-21
UK-REC-00528,2026-04-25,UK_REP_04,Vaccines,72640.85,0.4,UK-OPP-00528,Pipeline,2026-05-30,GBP,2026-04-25
UK-REC-00529,2026-04-29,UK_REP_03,Devices,38286.27,0.0,UK-OPP-00529,Closed Lost,2026-06-05,GBP,2026-04-29
UK-REC-00530,2026-04-30,UK_REP_04,Therapeutics,9768.58,1.0,UK-OPP-00530,Closed Won,2026-07-05,GBP,2026-04-30
UK-REC-00531,2026-05-05,UK_REP_02,Vaccines,108234.5,1.0,UK-OPP-00531,Closed Won,2026-07-18,GBP,2026-05-05
UK-REC-00532,2026-05-07,UK_REP_04,Therapeutics,76449.74,0.93,UK-OPP-00532,Commit,2026-08-01,GBP,2026-05-07
UK-REC-00533,2026-05-08,UK_REP_04,Devices,84640.33,0.73,UK-OPP-00533,Upside,2026-07-17,GBP,2026-05-08
UK-REC-00534,2026-05-09,UK_REP_03,Vaccines,23730.62,1.0,UK-OPP-00534,Closed Won,2026-07-07,GBP,2026-05-09
UK-REC-00535,2026-05-11,UK_REP_01,Therapeutics,117429.15,0.17,UK-OPP-00535,Pipeline,2026-08-23,GBP,2026-05-11
UK-REC-00536,2026-05-13,UK_REP_04,Vaccines,35325.88,0.86,UK-OPP-00536,Commit,2026-06-21,GBP,2026-05-13
UK-REC-00537,2026-05-13,UK_REP_03,Vaccines,99589.82,0.73,UK-OPP-00537,Upside,2026-08-04,GBP,2026-05-13
UK-REC-00538,2026-05-14,UK_REP_03,Devices,63086.37,0.81,UK-OPP-00538,Commit,2026-08-07,GBP,2026-05-14
UK-REC-00539,2026-05-14,UK_REP_01,Therapeutics,102417.81,0.6,UK-OPP-00539,Upside,2026-07-23,GBP,2026-05-14
UK-REC-00540,2026-05-16,UK_REP_02,Devices,72539.77,0.14,UK-OPP-00540,Pipeline,2026-07-27,GBP,2026-05-16
UK-REC-00541,2026-05-19,UK_REP_04,Vaccines,88787.92,0.93,UK-OPP-00541,Commit,2026-07-04,GBP,2026-05-19
UK-REC-00542,2026-05-20,UK_REP_03,Vaccines,116032.29,0.12,UK-OPP-00542,Pipeline,2026-07-04,GBP,2026-05-20
UK-REC-00543,2026-05-20,UK_REP_03,Diagnostics,32944.55,1.0,UK-OPP-00543,Closed Won,2026-09-06,GBP,2026-05-20
UK-REC-00544,2026-05-21,UK_REP_02,Vaccines,82005.03,0.27,UK-OPP-00544,Pipeline,2026-08-07,GBP,2026-05-21
UK-REC-00545,2026-05-22,UK_REP_02,Therapeutics,116661.76,0.59,UK-OPP-00545,Upside,2026-09-13,GBP,2026-05-22
UK-REC-00546,2026-05-23,UK_REP_03,Therapeutics,85269.73,1.0,UK-OPP-00546,Closed Won,2026-09-04,GBP,2026-05-23
UK-REC-00547,2026-05-23,UK_REP_04,Therapeutics,90546.56,0.43,UK-OPP-00547,Pipeline,2026-08-14,GBP,2026-05-23
UK-REC-00548,2026-05-24,UK_REP_04,Vaccines,69871.36,0.8,UK-OPP-00548,Commit,2026-08-19,GBP,2026-05-24
UK-REC-00549,2026-05-29,UK_REP_03,Diagnostics,49900.98,0.42,UK-OPP-00549,Pipeline,2026-07-25,GBP,2026-05-29
UK-REC-00550,2026-05-30,UK_REP_01,Vaccines,76257.39,0.92,UK-OPP-00550,Commit,2026-08-04,GBP,2026-05-30
UK-REC-00551,2026-06-02,UK_REP_01,Diagnostics,82046.96,0.24,UK-OPP-00551,Pipeline,2026-08-28,GBP,2026-06-02
UK-REC-00552,2026-06-03,UK_REP_02,Devices,42721.16,0.61,UK-OPP-00552,Upside,2026-07-07,GBP,2026-06-03
UK-REC-00553,2026-06-06,UK_REP_03,Devices,109225.33,1.0,UK-OPP-00553,Closed Won,2026-09-25,GBP,2026-06-06
UK-REC-00554,2026-06-07,UK_REP_02,Vaccines,110031.09,0.94,UK-OPP-00554,Commit,2026-07-22,GBP,2026-06-07
UK-REC-00555,2026-06-08,UK_REP_02,Devices,73134.57,1.0,UK-OPP-00555,Closed Won,2026-09-01,GBP,2026-06-08
UK-REC-00556,2026-06-09,UK_REP_01,Devices,93524.32,1.0,UK-OPP-00556,Closed Won,2026-07-20,GBP,2026-06-09
UK-REC-00557,2026-06-09,UK_REP_03,Vaccines,76819.5,1.0,UK-OPP-00557,Closed Won,2026-09-21,GBP,2026-06-09
UK-REC-00558,2026-06-12,UK_REP_01,Vaccines,72001.27,0.17,UK-OPP-00558,Pipeline,2026-07-21,GBP,2026-06-12
UK-REC-00559,2026-06-14,UK_REP_01,Devices,10960.66,1.0,UK-OPP-00559,Closed Won,2026-09-18,GBP,2026-06-14
UK-REC-00560,2026-06-15,UK_REP_04,Therapeutics,92190.75,0.89,UK-OPP-00560,Commit,2026-08-02,GBP,2026-06-15
UK-REC-00561,2026-06-16,UK_REP_01,Diagnostics,37973.68,0.25,UK-OPP-00561,Pipeline,2026-09-18,GBP,2026-06-16
UK-REC-00562,2026-06-21,UK_REP_03,Vaccines,75856.62,0.25,UK-OPP-00562,Pipeline,2026-09-14,GBP,2026-06-21
UK-REC-00563,2026-06-22,UK_REP_01,Therapeutics,109255.52,0.32,UK-OPP-00563,Pipeline,2026-08-12,GBP,2026-06-22
UK-REC-00564,2026-06-24,UK_REP_04,Therapeutics,70692.64,0.52,UK-OPP-00564,Upside,2026-09-25,GBP,2026-06-24
UK-REC-00565,2026-06-24,UK_REP_03,Therapeutics,117510.46,0.12,UK-OPP-00565,Pipeline,2026-09-05,GBP,2026-06-24
