subscription_schema,estate,subscriber_database,subscriber_schema,subscriber_qualified_name,subscriber_name,product_qualified_name,product_name,product_schema,basis
coco_aus_inventory__goods_receipts,Coco core,coco_pharma,aus_inventory,System::aus-inventory,Austin Inventory,DigitalProduct::Coco::Goods Receipts,Goods Receipts,goods_receipts,Material Quarantine Dispositions depends on it (place in quarantine)
coco_aus_inventory__laboratory_test_results,Coco core,coco_pharma,aus_inventory,System::aus-inventory,Austin Inventory,DigitalProduct::Coco::Laboratory Test Results,Laboratory Test Results,laboratory_test_results,Material Quarantine Dispositions depends on it (test results)
coco_aus_inventory__material_quarantine_dispositions,Coco core,coco_pharma,aus_inventory,System::aus-inventory,Austin Inventory,DigitalProduct::Coco::Material Quarantine Dispositions,Material Quarantine Dispositions,material_quarantine_dispositions,Goods Inventory Stock depends on it (release for use)
coco_aus_inventory__serialised_product_identifiers,Coco core,coco_pharma,aus_inventory,System::aus-inventory,Austin Inventory,DigitalProduct::Coco::Serialised Product Identifiers,Serialised Product Identifiers,serialised_product_identifiers,Goods Inventory Stock depends on it (serialised stock)
coco_aus_inventory__supplier_master_data,Coco core,coco_pharma,aus_inventory,System::aus-inventory,Austin Inventory,DigitalProduct::Coco::Supplier Master Data,Supplier Master Data,supplier_master_data,Goods Receipts depends on it (approved supplier)
coco_aus_inventory__supplier_material_certificates,Coco core,coco_pharma,aus_inventory,System::aus-inventory,Austin Inventory,DigitalProduct::Coco::Supplier Material Certificates,Supplier Material Certificates,supplier_material_certificates,Goods Receipts depends on it (certificate of analysis)
coco_austin_haz_mat__dangerous_goods_consignment_records,Coco core,coco_pharma,austin_haz_mat,System::austin-haz-mat,Austin HazMat Inventory,DigitalProduct::Coco::Dangerous Goods Consignment Records,Dangerous Goods Consignment Records,dangerous_goods_consignment_records,Hazardous Material Holdings depends on it (consignment record)
coco_austin_haz_mat__goods_inventory_stock,Coco core,coco_pharma,austin_haz_mat,System::austin-haz-mat,Austin HazMat Inventory,DigitalProduct::Coco::Goods Inventory Stock,Goods Inventory Stock,goods_inventory_stock,Hazardous Material Holdings depends on it (hazardous holdings)
coco_austin_haz_mat__hazardous_material_holdings,Coco core,coco_pharma,austin_haz_mat,System::austin-haz-mat,Austin HazMat Inventory,DigitalProduct::Coco::Hazardous Material Holdings,Hazardous Material Holdings,hazardous_material_holdings,Occupational Exposure Bands depends on it (substance holdings); Transport Classifications depends on it (substance identity)
coco_austin_haz_mat__incidents_and_near_misses,Coco core,coco_pharma,austin_haz_mat,System::austin-haz-mat,Austin HazMat Inventory,DigitalProduct::Coco::Incidents And Near Misses,Incidents And Near Misses,incidents_and_near_misses,Occupational Exposure Bands depends on it (assessment feedback)
coco_austin_haz_mat__occupational_exposure_bands,Coco core,coco_pharma,austin_haz_mat,System::austin-haz-mat,Austin HazMat Inventory,DigitalProduct::Coco::Occupational Exposure Bands,Occupational Exposure Bands,occupational_exposure_bands,Transport Classifications depends on it (shared substance classification)
coco_austin_haz_mat__product_master_data,Coco core,coco_pharma,austin_haz_mat,System::austin-haz-mat,Austin HazMat Inventory,DigitalProduct::Coco::Product Master Data,Product Master Data,product_master_data,Transport Classifications depends on it (product handling requirements)
coco_ca_payroll__worker_master_data,Coco core,coco_pharma,ca_payroll,System::CA payroll,Canadian payroll,DigitalProduct::Coco::Worker Master Data,Worker Master Data,worker_master_data,Payroll Results depends on it (payroll record)
coco_expenses__employee_expense_claims,Coco core,coco_pharma,coco_expenses,System::coco-expenses,Coco Expenses,DigitalProduct::Coco::Employee Expense Claims,Employee Expense Claims,employee_expense_claims,Expense Approvals depends on it (submit for approval)
coco_expenses__expense_approvals,Coco core,coco_pharma,coco_expenses,System::coco-expenses,Coco Expenses,DigitalProduct::Coco::Expense Approvals,Expense Approvals,expense_approvals,Employee Expense Claims depends on it (approval decision)
coco_expenses__worker_master_data,Coco core,coco_pharma,coco_expenses,System::coco-expenses,Coco Expenses,DigitalProduct::Coco::Worker Master Data,Worker Master Data,worker_master_data,Employee Expense Claims depends on it (expense access); Expense Approvals depends on it (approver and cost centre)
coco_haz_mat__dangerous_goods_consignment_records,Coco core,coco_pharma,coco_haz_mat,System::coco-haz-mat,Coco HazMat Inventory,DigitalProduct::Coco::Dangerous Goods Consignment Records,Dangerous Goods Consignment Records,dangerous_goods_consignment_records,Hazardous Material Holdings depends on it (consignment record)
coco_haz_mat__goods_inventory_stock,Coco core,coco_pharma,coco_haz_mat,System::coco-haz-mat,Coco HazMat Inventory,DigitalProduct::Coco::Goods Inventory Stock,Goods Inventory Stock,goods_inventory_stock,Hazardous Material Holdings depends on it (hazardous holdings)
coco_haz_mat__hazardous_material_holdings,Coco core,coco_pharma,coco_haz_mat,System::coco-haz-mat,Coco HazMat Inventory,DigitalProduct::Coco::Hazardous Material Holdings,Hazardous Material Holdings,hazardous_material_holdings,Occupational Exposure Bands depends on it (substance holdings); Transport Classifications depends on it (substance identity)
coco_haz_mat__incidents_and_near_misses,Coco core,coco_pharma,coco_haz_mat,System::coco-haz-mat,Coco HazMat Inventory,DigitalProduct::Coco::Incidents And Near Misses,Incidents And Near Misses,incidents_and_near_misses,Occupational Exposure Bands depends on it (assessment feedback)
coco_haz_mat__occupational_exposure_bands,Coco core,coco_pharma,coco_haz_mat,System::coco-haz-mat,Coco HazMat Inventory,DigitalProduct::Coco::Occupational Exposure Bands,Occupational Exposure Bands,occupational_exposure_bands,Transport Classifications depends on it (shared substance classification)
coco_haz_mat__product_master_data,Coco core,coco_pharma,coco_haz_mat,System::coco-haz-mat,Coco HazMat Inventory,DigitalProduct::Coco::Product Master Data,Product Master Data,product_master_data,Transport Classifications depends on it (product handling requirements)
coco_hrim__rights_fulfilment_actions,Coco core,coco_pharma,coco_hrim,System::coco-hrim,Human Resources Information Manager (HRIM),DigitalProduct::Coco::Rights Fulfilment Actions,Rights Fulfilment Actions,rights_fulfilment_actions,Worker Master Data depends on it (locate employee data)
coco_hrim__training_completions,Coco core,coco_pharma,coco_hrim,System::coco-hrim,Human Resources Information Manager (HRIM),DigitalProduct::Coco::Training Completions,Training Completions,training_completions,Worker Qualifications depends on it (completion and assessment)
coco_hrim__worker_lifecycle_events,Coco core,coco_pharma,coco_hrim,System::coco-hrim,Human Resources Information Manager (HRIM),DigitalProduct::Coco::Worker Lifecycle Events,Worker Lifecycle Events,worker_lifecycle_events,Worker Master Data depends on it (worker event)
coco_hrim__worker_master_data,Coco core,coco_pharma,coco_hrim,System::coco-hrim,Human Resources Information Manager (HRIM),DigitalProduct::Coco::Worker Master Data,Worker Master Data,worker_master_data,Worker Qualifications depends on it (new worker record)
coco_inventory__goods_receipts,Coco core,coco_pharma,coco_inventory,System::coco-inventory,Coco Inventory,DigitalProduct::Coco::Goods Receipts,Goods Receipts,goods_receipts,Material Quarantine Dispositions depends on it (place in quarantine)
coco_inventory__laboratory_test_results,Coco core,coco_pharma,coco_inventory,System::coco-inventory,Coco Inventory,DigitalProduct::Coco::Laboratory Test Results,Laboratory Test Results,laboratory_test_results,Material Quarantine Dispositions depends on it (test results)
coco_inventory__material_quarantine_dispositions,Coco core,coco_pharma,coco_inventory,System::coco-inventory,Coco Inventory,DigitalProduct::Coco::Material Quarantine Dispositions,Material Quarantine Dispositions,material_quarantine_dispositions,Goods Inventory Stock depends on it (release for use)
coco_inventory__serialised_product_identifiers,Coco core,coco_pharma,coco_inventory,System::coco-inventory,Coco Inventory,DigitalProduct::Coco::Serialised Product Identifiers,Serialised Product Identifiers,serialised_product_identifiers,Goods Inventory Stock depends on it (serialised stock)
coco_inventory__supplier_master_data,Coco core,coco_pharma,coco_inventory,System::coco-inventory,Coco Inventory,DigitalProduct::Coco::Supplier Master Data,Supplier Master Data,supplier_master_data,Goods Receipts depends on it (approved supplier)
coco_inventory__supplier_material_certificates,Coco core,coco_pharma,coco_inventory,System::coco-inventory,Coco Inventory,DigitalProduct::Coco::Supplier Material Certificates,Supplier Material Certificates,supplier_material_certificates,Goods Receipts depends on it (certificate of analysis)
coco_ledgers__general_ledger_balances,Coco core,coco_pharma,coco_ledgers,System::coco-ledgers,Coco Ledgers,DigitalProduct::Coco::General Ledger Balances,General Ledger Balances,general_ledger_balances,Manual Journal Approvals depends on it (material entries for review)
coco_ledgers__manual_journal_approvals,Coco core,coco_pharma,coco_ledgers,System::coco-ledgers,Coco Ledgers,DigitalProduct::Coco::Manual Journal Approvals,Manual Journal Approvals,manual_journal_approvals,General Ledger Balances depends on it (approved adjustments)
coco_ledgers__purchase_orders_and_receipts,Coco core,coco_pharma,coco_ledgers,System::coco-ledgers,Coco Ledgers,DigitalProduct::Coco::Purchase Orders And Receipts,Purchase Orders And Receipts,purchase_orders_and_receipts,Supplier Payments depends on it (order and receipt)
coco_ledgers__subledger_postings,Coco core,coco_pharma,coco_ledgers,System::coco-ledgers,Coco Ledgers,DigitalProduct::Coco::Subledger Postings,Subledger Postings,subledger_postings,General Ledger Balances depends on it (post transactions)
coco_ledgers__supplier_master_data,Coco core,coco_pharma,coco_ledgers,System::coco-ledgers,Coco Ledgers,DigitalProduct::Coco::Supplier Master Data,Supplier Master Data,supplier_master_data,Supplier Payments depends on it (supplier and payment details)
coco_ledgers__therapy_delivery_events,Coco core,coco_pharma,coco_ledgers,System::coco-ledgers,Coco Ledgers,DigitalProduct::Coco::Therapy Delivery Events,Therapy Delivery Events,therapy_delivery_events,Treatment Invoices depends on it (fulfilment confirmed)
coco_ods__corporate_directory_entries,Coco core,coco_pharma,coco_ods,System::coco-ods (not in the archive),Coco Pharmaceuticals Operational Data Store,DigitalProduct::Coco::Corporate Directory Entries,Corporate Directory Entries,corporate_directory_entries,"reporting: fills employees (names, titles, phones), units_by_location"
coco_ods__goods_inventory_stock,Coco core,coco_pharma,coco_ods,System::coco-ods (not in the archive),Coco Pharmaceuticals Operational Data Store,DigitalProduct::Coco::Goods Inventory Stock,Goods Inventory Stock,goods_inventory_stock,"reporting: fills products (stock levels), supplies (stock levels)"
coco_ods__goods_receipts,Coco core,coco_pharma,coco_ods,System::coco-ods (not in the archive),Coco Pharmaceuticals Operational Data Store,DigitalProduct::Coco::Goods Receipts,Goods Receipts,goods_receipts,reporting: fills supplier_invoice_details (delivery dates and quantities received)
coco_ods__product_master_data,Coco core,coco_pharma,coco_ods,System::coco-ods (not in the archive),Coco Pharmaceuticals Operational Data Store,DigitalProduct::Coco::Product Master Data,Product Master Data,product_master_data,"reporting: fills products, categories"
coco_ods__purchase_orders_and_receipts,Coco core,coco_pharma,coco_ods,System::coco-ods (not in the archive),Coco Pharmaceuticals Operational Data Store,DigitalProduct::Coco::Purchase Orders And Receipts,Purchase Orders And Receipts,purchase_orders_and_receipts,"reporting: fills supply_orders, supply_order_details"
coco_ods__supplier_master_data,Coco core,coco_pharma,coco_ods,System::coco-ods (not in the archive),Coco Pharmaceuticals Operational Data Store,DigitalProduct::Coco::Supplier Master Data,Supplier Master Data,supplier_master_data,reporting: fills suppliers
coco_ods__supplier_payments,Coco core,coco_pharma,coco_ods,System::coco-ods (not in the archive),Coco Pharmaceuticals Operational Data Store,DigitalProduct::Coco::Supplier Payments,Supplier Payments,supplier_payments,reporting: fills supplier_invoices
coco_ods__treatment_invoices,Coco core,coco_pharma,coco_ods,System::coco-ods (not in the archive),Coco Pharmaceuticals Operational Data Store,DigitalProduct::Coco::Treatment Invoices,Treatment Invoices,treatment_invoices,reporting: fills orders (invoiced values)
coco_ods__treatment_orders,Coco core,coco_pharma,coco_ods,System::coco-ods (not in the archive),Coco Pharmaceuticals Operational Data Store,DigitalProduct::Coco::Treatment Orders,Treatment Orders,treatment_orders,"reporting: fills orders, order_details"
coco_ods__worker_master_data,Coco core,coco_pharma,coco_ods,System::coco-ods (not in the archive),Coco Pharmaceuticals Operational Data Store,DigitalProduct::Coco::Worker Master Data,Worker Master Data,worker_master_data,reporting: fills employees (employment details)
coco_products__market_authorisations,Coco core,coco_pharma,coco_products,System::cocoProducts,Coco Product Management,DigitalProduct::Coco::Market Authorisations,Market Authorisations,market_authorisations,Product Master Data depends on it (authorised markets)
coco_products__new_product_definitions,Coco core,coco_pharma,coco_products,System::cocoProducts,Coco Product Management,DigitalProduct::Coco::Product Definitions,New Product Definitions,new_product_definitions,Product Master Data depends on it (new product definition)
coco_sus__employee_expense_claims,Coco core,coco_pharma,coco_sus,System::coco-sus,Coco Pharmaceuticals Sustainability Data Marts,DigitalProduct::Coco::Employee Expense Claims,Employee Expense Claims,employee_expense_claims,"reporting: fills ghg_emissions.biz_travel, customer_travel"
coco_sus__supplier_payments,Coco core,coco_pharma,coco_sus,System::coco-sus,Coco Pharmaceuticals Sustainability Data Marts,DigitalProduct::Coco::Supplier Payments,Supplier Payments,supplier_payments,reporting: fills ghg_emissions.power and transport (energy and fuel invoices)
cocopages__worker_master_data,Coco core,coco_pharma,cocopages,System::cocopages,CocoPages,DigitalProduct::Coco::Worker Master Data,Worker Master Data,worker_master_data,Corporate Directory Entries depends on it (directory entry)
coco_ed_mfg_control__batch_execution_records,Coco core,coco_pharma,ed_mfg_control,System::ed-mfg-control,Edmonton Manufacturing Control System,DigitalProduct::Coco::Batch Execution Records,Batch Execution Records,batch_execution_records,Electronic Batch Records depends on it (execution record)
coco_ed_mfg_control__deviations_and_capas,Coco core,coco_pharma,ed_mfg_control,System::ed-mfg-control,Edmonton Manufacturing Control System,DigitalProduct::Coco::Deviations And CAPAs,Deviations And CAPAs,deviations_and_capas,Electronic Batch Records depends on it (deviation disposition)
coco_ed_mfg_control__equipment_qualification_status,Coco core,coco_pharma,ed_mfg_control,System::ed-mfg-control,Edmonton Manufacturing Control System,DigitalProduct::Coco::Equipment Qualification Status,Equipment Qualification Status,equipment_qualification_status,Batch Execution Records depends on it (qualification status)
coco_ed_mfg_control__goods_inventory_stock,Coco core,coco_pharma,ed_mfg_control,System::ed-mfg-control,Edmonton Manufacturing Control System,DigitalProduct::Coco::Goods Inventory Stock,Goods Inventory Stock,goods_inventory_stock,Batch Execution Records depends on it (issue material)
coco_ed_mfg_control__laboratory_test_results,Coco core,coco_pharma,ed_mfg_control,System::ed-mfg-control,Edmonton Manufacturing Control System,DigitalProduct::Coco::Laboratory Test Results,Laboratory Test Results,laboratory_test_results,Batch Execution Records depends on it (in-process results); Electronic Batch Records depends on it (finished product results)
coco_ed_mfg_control__personalised_manufacturing_schedule,Coco core,coco_pharma,ed_mfg_control,System::ed-mfg-control,Edmonton Manufacturing Control System,DigitalProduct::Coco::Personalised Manufacturing Schedule,Personalised Manufacturing Schedule,personalised_manufacturing_schedule,Electronic Batch Records depends on it (open batch)
coco_ed_mfg_control__process_parameter_time_series,Coco core,coco_pharma,ed_mfg_control,System::ed-mfg-control,Edmonton Manufacturing Control System,DigitalProduct::Coco::Process Parameter Time Series,Process Parameter Time Series,process_parameter_time_series,Electronic Batch Records depends on it (process parameters)
coco_ed_mfg_control__temperature_excursion_assessments,Coco core,coco_pharma,ed_mfg_control,System::ed-mfg-control,Edmonton Manufacturing Control System,DigitalProduct::Coco::Temperature Excursion Assessments,Temperature Excursion Assessments,temperature_excursion_assessments,Electronic Batch Records depends on it (disposition recorded)
coco_ed_mfg_control__worker_qualifications,Coco core,coco_pharma,ed_mfg_control,System::ed-mfg-control,Edmonton Manufacturing Control System,DigitalProduct::Coco::Worker Qualifications,Worker Qualifications,worker_qualifications,Batch Execution Records depends on it (operator qualification); Electronic Batch Records depends on it (signature authority)
coco_eddepot01__supplier_master_data,Coco core,coco_pharma,eddepot01,System::EDDEPOT01,Edmonton Depot Management System,DigitalProduct::Coco::Supplier Master Data,Supplier Master Data,supplier_master_data,Goods Receipts depends on it (approved supplier)
coco_eddepot01__supplier_material_certificates,Coco core,coco_pharma,eddepot01,System::EDDEPOT01,Edmonton Depot Management System,DigitalProduct::Coco::Supplier Material Certificates,Supplier Material Certificates,supplier_material_certificates,Goods Receipts depends on it (certificate of analysis)
coco_eddepot01__transport_classifications,Coco core,coco_pharma,eddepot01,System::EDDEPOT01,Edmonton Depot Management System,DigitalProduct::Coco::Transport Classifications,Transport Classifications,transport_classifications,Dangerous Goods Consignment Records depends on it (classification and requirements)
coco_eddepot01__worker_qualifications,Coco core,coco_pharma,eddepot01,System::EDDEPOT01,Edmonton Depot Management System,DigitalProduct::Coco::Worker Qualifications,Worker Qualifications,worker_qualifications,Dangerous Goods Consignment Records depends on it (certificated signatory)
coco_global_crm__therapy_delivery_events,Coco core,coco_pharma,global_crm,System::globalCRM,Global customer ordering system,DigitalProduct::Coco::Therapy Delivery Events,Therapy Delivery Events,therapy_delivery_events,Treatment Invoices depends on it (fulfilment confirmed)
coco_kcdepot01__supplier_master_data,Coco core,coco_pharma,kcdepot01,System::KCDEPOT01,Kansas City Depot Management System,DigitalProduct::Coco::Supplier Master Data,Supplier Master Data,supplier_master_data,Goods Receipts depends on it (approved supplier)
coco_kcdepot01__supplier_material_certificates,Coco core,coco_pharma,kcdepot01,System::KCDEPOT01,Kansas City Depot Management System,DigitalProduct::Coco::Supplier Material Certificates,Supplier Material Certificates,supplier_material_certificates,Goods Receipts depends on it (certificate of analysis)
coco_kcdepot01__transport_classifications,Coco core,coco_pharma,kcdepot01,System::KCDEPOT01,Kansas City Depot Management System,DigitalProduct::Coco::Transport Classifications,Transport Classifications,transport_classifications,Dangerous Goods Consignment Records depends on it (classification and requirements)
coco_kcdepot01__worker_qualifications,Coco core,coco_pharma,kcdepot01,System::KCDEPOT01,Kansas City Depot Management System,DigitalProduct::Coco::Worker Qualifications,Worker Qualifications,worker_qualifications,Dangerous Goods Consignment Records depends on it (certificated signatory)
coco_manufacturing_planning__patient_pseudonym_register,Coco core,coco_pharma,manufacturing_planning,System::manufacturing-planning,Global Manufacturing Planning,DigitalProduct::Coco::Patient Pseudonym Register,Patient Pseudonym Register,patient_pseudonym_register,Personalised Manufacturing Schedule depends on it (identified manufacturing instruction)
coco_manufacturing_planning__patient_sample_consignments,Coco core,coco_pharma,manufacturing_planning,System::manufacturing-planning,Global Manufacturing Planning,DigitalProduct::Coco::Patient Sample Consignments,Patient Sample Consignments,patient_sample_consignments,Personalised Manufacturing Schedule depends on it (patient material received)
coco_mfctrl9482__batch_execution_records,Coco core,coco_pharma,mfctrl9482,System::MFCTRL9482,Austin Manufacturing Control System,DigitalProduct::Coco::Batch Execution Records,Batch Execution Records,batch_execution_records,Electronic Batch Records depends on it (execution record)
coco_mfctrl9482__deviations_and_capas,Coco core,coco_pharma,mfctrl9482,System::MFCTRL9482,Austin Manufacturing Control System,DigitalProduct::Coco::Deviations And CAPAs,Deviations And CAPAs,deviations_and_capas,Electronic Batch Records depends on it (deviation disposition)
coco_mfctrl9482__equipment_qualification_status,Coco core,coco_pharma,mfctrl9482,System::MFCTRL9482,Austin Manufacturing Control System,DigitalProduct::Coco::Equipment Qualification Status,Equipment Qualification Status,equipment_qualification_status,Batch Execution Records depends on it (qualification status)
coco_mfctrl9482__goods_inventory_stock,Coco core,coco_pharma,mfctrl9482,System::MFCTRL9482,Austin Manufacturing Control System,DigitalProduct::Coco::Goods Inventory Stock,Goods Inventory Stock,goods_inventory_stock,Batch Execution Records depends on it (issue material)
coco_mfctrl9482__laboratory_test_results,Coco core,coco_pharma,mfctrl9482,System::MFCTRL9482,Austin Manufacturing Control System,DigitalProduct::Coco::Laboratory Test Results,Laboratory Test Results,laboratory_test_results,Batch Execution Records depends on it (in-process results); Electronic Batch Records depends on it (finished product results)
coco_mfctrl9482__personalised_manufacturing_schedule,Coco core,coco_pharma,mfctrl9482,System::MFCTRL9482,Austin Manufacturing Control System,DigitalProduct::Coco::Personalised Manufacturing Schedule,Personalised Manufacturing Schedule,personalised_manufacturing_schedule,Electronic Batch Records depends on it (open batch)
coco_mfctrl9482__process_parameter_time_series,Coco core,coco_pharma,mfctrl9482,System::MFCTRL9482,Austin Manufacturing Control System,DigitalProduct::Coco::Process Parameter Time Series,Process Parameter Time Series,process_parameter_time_series,Electronic Batch Records depends on it (process parameters)
coco_mfctrl9482__temperature_excursion_assessments,Coco core,coco_pharma,mfctrl9482,System::MFCTRL9482,Austin Manufacturing Control System,DigitalProduct::Coco::Temperature Excursion Assessments,Temperature Excursion Assessments,temperature_excursion_assessments,Electronic Batch Records depends on it (disposition recorded)
coco_mfctrl9482__worker_qualifications,Coco core,coco_pharma,mfctrl9482,System::MFCTRL9482,Austin Manufacturing Control System,DigitalProduct::Coco::Worker Qualifications,Worker Qualifications,worker_qualifications,Batch Execution Records depends on it (operator qualification); Electronic Batch Records depends on it (signature authority)
coco_nl_payroll__worker_master_data,Coco core,coco_pharma,nl_payroll,System::NL payroll,Netherlands payroll,DigitalProduct::Coco::Worker Master Data,Worker Master Data,worker_master_data,Payroll Results depends on it (payroll record)
coco_procurement01__payment_anomaly_findings,Coco core,coco_pharma,procurement01,System::procurement01,Coco Pharmaceuticals Procurement,DigitalProduct::Coco::Payment Anomaly Findings,Payment Anomaly Findings,payment_anomaly_findings,Supplier Master Data depends on it (raise supplier concern)
coco_procurement01__supplier_payment_detail_changes,Coco core,coco_pharma,procurement01,System::procurement01,Coco Pharmaceuticals Procurement,DigitalProduct::Coco::Supplier Payment Detail Changes,Supplier Payment Detail Changes,supplier_payment_detail_changes,Supplier Master Data depends on it (verified bank details)
coco_procurement01__third_party_onboarding_cases,Coco core,coco_pharma,procurement01,System::procurement01,Coco Pharmaceuticals Procurement,DigitalProduct::Coco::Third Party Onboarding Cases,Third Party Onboarding Cases,third_party_onboarding_cases,Supplier Master Data depends on it (create supplier record)
coco_procurement01__third_party_screening_results,Coco core,coco_pharma,procurement01,System::procurement01,Coco Pharmaceuticals Procurement,DigitalProduct::Coco::Third Party Screening Results,Third Party Screening Results,third_party_screening_results,Third Party Onboarding Cases depends on it (screening result)
coco_sec_admin__worker_master_data,Coco core,coco_pharma,sec_admin,System::sec-admin,SecAdmin,DigitalProduct::Coco::Worker Master Data,Worker Master Data,worker_master_data,Access Entitlements depends on it (provision or revoke)
coco_uk_payroll__worker_master_data,Coco core,coco_pharma,uk_payroll,System::UK payroll,UK payroll,DigitalProduct::Coco::Worker Master Data,Worker Master Data,worker_master_data,Payroll Results depends on it (payroll record)
coco_winch_mfg_control__batch_execution_records,Coco core,coco_pharma,winch_mfg_control,System::winch-mfg-control,Winchester Manufacturing Control System,DigitalProduct::Coco::Batch Execution Records,Batch Execution Records,batch_execution_records,Electronic Batch Records depends on it (execution record)
coco_winch_mfg_control__deviations_and_capas,Coco core,coco_pharma,winch_mfg_control,System::winch-mfg-control,Winchester Manufacturing Control System,DigitalProduct::Coco::Deviations And CAPAs,Deviations And CAPAs,deviations_and_capas,Electronic Batch Records depends on it (deviation disposition)
coco_winch_mfg_control__equipment_qualification_status,Coco core,coco_pharma,winch_mfg_control,System::winch-mfg-control,Winchester Manufacturing Control System,DigitalProduct::Coco::Equipment Qualification Status,Equipment Qualification Status,equipment_qualification_status,Batch Execution Records depends on it (qualification status)
coco_winch_mfg_control__goods_inventory_stock,Coco core,coco_pharma,winch_mfg_control,System::winch-mfg-control,Winchester Manufacturing Control System,DigitalProduct::Coco::Goods Inventory Stock,Goods Inventory Stock,goods_inventory_stock,Batch Execution Records depends on it (issue material)
coco_winch_mfg_control__laboratory_test_results,Coco core,coco_pharma,winch_mfg_control,System::winch-mfg-control,Winchester Manufacturing Control System,DigitalProduct::Coco::Laboratory Test Results,Laboratory Test Results,laboratory_test_results,Batch Execution Records depends on it (in-process results); Electronic Batch Records depends on it (finished product results)
coco_winch_mfg_control__personalised_manufacturing_schedule,Coco core,coco_pharma,winch_mfg_control,System::winch-mfg-control,Winchester Manufacturing Control System,DigitalProduct::Coco::Personalised Manufacturing Schedule,Personalised Manufacturing Schedule,personalised_manufacturing_schedule,Electronic Batch Records depends on it (open batch)
coco_winch_mfg_control__process_parameter_time_series,Coco core,coco_pharma,winch_mfg_control,System::winch-mfg-control,Winchester Manufacturing Control System,DigitalProduct::Coco::Process Parameter Time Series,Process Parameter Time Series,process_parameter_time_series,Electronic Batch Records depends on it (process parameters)
coco_winch_mfg_control__temperature_excursion_assessments,Coco core,coco_pharma,winch_mfg_control,System::winch-mfg-control,Winchester Manufacturing Control System,DigitalProduct::Coco::Temperature Excursion Assessments,Temperature Excursion Assessments,temperature_excursion_assessments,Electronic Batch Records depends on it (disposition recorded)
coco_winch_mfg_control__worker_qualifications,Coco core,coco_pharma,winch_mfg_control,System::winch-mfg-control,Winchester Manufacturing Control System,DigitalProduct::Coco::Worker Qualifications,Worker Qualifications,worker_qualifications,Batch Execution Records depends on it (operator qualification); Electronic Batch Records depends on it (signature authority)
coco_winchdepot01__supplier_master_data,Coco core,coco_pharma,winchdepot01,System::WINCHDEPOT01,Winchester Depot Management System,DigitalProduct::Coco::Supplier Master Data,Supplier Master Data,supplier_master_data,Goods Receipts depends on it (approved supplier)
coco_winchdepot01__supplier_material_certificates,Coco core,coco_pharma,winchdepot01,System::WINCHDEPOT01,Winchester Depot Management System,DigitalProduct::Coco::Supplier Material Certificates,Supplier Material Certificates,supplier_material_certificates,Goods Receipts depends on it (certificate of analysis)
coco_winchdepot01__transport_classifications,Coco core,coco_pharma,winchdepot01,System::WINCHDEPOT01,Winchester Depot Management System,DigitalProduct::Coco::Transport Classifications,Transport Classifications,transport_classifications,Dangerous Goods Consignment Records depends on it (classification and requirements)
coco_winchdepot01__worker_qualifications,Coco core,coco_pharma,winchdepot01,System::WINCHDEPOT01,Winchester Depot Management System,DigitalProduct::Coco::Worker Qualifications,Worker Qualifications,worker_qualifications,Dangerous Goods Consignment Records depends on it (certificated signatory)
aus_active_directory__worker_master_data,Austin,austin_systems,active_directory,SoftwareServer::AUS-SYS-031::SN-AD-AU-20170901,Microsoft Active Directory,DigitalProduct::Coco::Worker Master Data,Worker Master Data,worker_master_data,Access Entitlements depends on it (provision or revoke); Corporate Directory Entries depends on it (directory entry)
aus_arcgis__batch_certification_decisions,Austin,austin_systems,arcgis,SoftwareServer::AUS-SYS-044::SN-GIS-AU-20230601,Esri ArcGIS Enterprise,DigitalProduct::Coco::Batch Certification Decisions,Batch Certification Decisions,batch_certification_decisions,Therapy Delivery Events depends on it (therapy released)
aus_cornerstone_lms__qualification_expiry_warnings,Austin,austin_systems,cornerstone_lms,SoftwareServer::AUS-SYS-020::SN-LMS-AU-20200110,Cornerstone OnDemand LMS,DigitalProduct::Coco::Qualification Expiry Warnings,Qualification Expiry Warnings,qualification_expiry_warnings,Training Completions depends on it (refresher required)
aus_cornerstone_lms__role_competency_requirements,Austin,austin_systems,cornerstone_lms,SoftwareServer::AUS-SYS-020::SN-LMS-AU-20200110,Cornerstone OnDemand LMS,DigitalProduct::Coco::Role Competency Requirements,Role Competency Requirements,role_competency_requirements,Training Completions depends on it (required competencies)
aus_cornerstone_lms__training_completions,Austin,austin_systems,cornerstone_lms,SoftwareServer::AUS-SYS-020::SN-LMS-AU-20200110,Cornerstone OnDemand LMS,DigitalProduct::Coco::Training Completions,Training Completions,training_completions,Worker Qualifications depends on it (completion and assessment)
aus_cornerstone_lms__worker_master_data,Austin,austin_systems,cornerstone_lms,SoftwareServer::AUS-SYS-020::SN-LMS-AU-20200110,Cornerstone OnDemand LMS,DigitalProduct::Coco::Worker Master Data,Worker Master Data,worker_master_data,Training Completions depends on it (worker and role); Worker Qualifications depends on it (new worker record)
aus_entra_id__worker_master_data,Austin,austin_systems,entra_id,SoftwareServer::AUS-SYS-032::SN-AAD-AU-20200601,Microsoft Entra ID,DigitalProduct::Coco::Worker Master Data,Worker Master Data,worker_master_data,Access Entitlements depends on it (provision or revoke)
aus_factorytalk_scada__serial_number_allocations,Austin,austin_systems,factorytalk_scada,SoftwareServer::AUS-SYS-023::SN-SCA-AU-20180610,Rockwell FactoryTalk SCADA,DigitalProduct::Coco::Serial Number Allocations,Serial Number Allocations,serial_number_allocations,Commissioned Packs depends on it (issue identifiers)
aus_informatica_idmc__product_master_data,Austin,austin_systems,informatica_idmc,SoftwareServer::AUS-SYS-042::SN-ETL-AU-20200901,Informatica IDMC,DigitalProduct::Coco::Product Master Data,Product Master Data,product_master_data,Product Change Notifications depends on it (publish change)
aus_informatica_mdm__market_authorisations,Austin,austin_systems,informatica_mdm,SoftwareServer::AUS-SYS-043::SN-MDM-AU-20220301,Informatica MDM,DigitalProduct::Coco::Market Authorisations,Market Authorisations,market_authorisations,Product Master Data depends on it (authorised markets)
aus_informatica_mdm__new_product_definitions,Austin,austin_systems,informatica_mdm,SoftwareServer::AUS-SYS-043::SN-MDM-AU-20220301,Informatica MDM,DigitalProduct::Coco::Product Definitions,New Product Definitions,new_product_definitions,Product Master Data depends on it (new product definition)
aus_informatica_mdm__payment_anomaly_findings,Austin,austin_systems,informatica_mdm,SoftwareServer::AUS-SYS-043::SN-MDM-AU-20220301,Informatica MDM,DigitalProduct::Coco::Payment Anomaly Findings,Payment Anomaly Findings,payment_anomaly_findings,Supplier Master Data depends on it (raise supplier concern)
aus_informatica_mdm__product_master_data,Austin,austin_systems,informatica_mdm,SoftwareServer::AUS-SYS-043::SN-MDM-AU-20220301,Informatica MDM,DigitalProduct::Coco::Product Master Data,Product Master Data,product_master_data,Product Change Notifications depends on it (publish change)
aus_informatica_mdm__supplier_payment_detail_changes,Austin,austin_systems,informatica_mdm,SoftwareServer::AUS-SYS-043::SN-MDM-AU-20220301,Informatica MDM,DigitalProduct::Coco::Supplier Payment Detail Changes,Supplier Payment Detail Changes,supplier_payment_detail_changes,Supplier Master Data depends on it (verified bank details)
aus_informatica_mdm__third_party_onboarding_cases,Austin,austin_systems,informatica_mdm,SoftwareServer::AUS-SYS-043::SN-MDM-AU-20220301,Informatica MDM,DigitalProduct::Coco::Third Party Onboarding Cases,Third Party Onboarding Cases,third_party_onboarding_cases,Supplier Master Data depends on it (create supplier record)
aus_labware_lims__material_quarantine_dispositions,Austin,austin_systems,labware_lims,SoftwareServer::AUS-SYS-024::SN-LIM-AU-20190820,LabWare Enterprise LIMS,DigitalProduct::Coco::Material Quarantine Dispositions,Material Quarantine Dispositions,material_quarantine_dispositions,Laboratory Test Results depends on it (request incoming testing)
aus_labware_lims__supplier_master_data,Austin,austin_systems,labware_lims,SoftwareServer::AUS-SYS-024::SN-LIM-AU-20190820,LabWare Enterprise LIMS,DigitalProduct::Coco::Supplier Master Data,Supplier Master Data,supplier_master_data,Supplier Material Certificates depends on it (supplier documentation)
aus_manhattan_wms__goods_receipts,Austin,austin_systems,manhattan_wms,SoftwareServer::AUS-SYS-012::SN-WMS-AU-20200315,Manhattan WMS,DigitalProduct::Coco::Goods Receipts,Goods Receipts,goods_receipts,Material Quarantine Dispositions depends on it (place in quarantine)
aus_manhattan_wms__laboratory_test_results,Austin,austin_systems,manhattan_wms,SoftwareServer::AUS-SYS-012::SN-WMS-AU-20200315,Manhattan WMS,DigitalProduct::Coco::Laboratory Test Results,Laboratory Test Results,laboratory_test_results,Material Quarantine Dispositions depends on it (test results)
aus_manhattan_wms__material_quarantine_dispositions,Austin,austin_systems,manhattan_wms,SoftwareServer::AUS-SYS-012::SN-WMS-AU-20200315,Manhattan WMS,DigitalProduct::Coco::Material Quarantine Dispositions,Material Quarantine Dispositions,material_quarantine_dispositions,Goods Inventory Stock depends on it (release for use)
aus_manhattan_wms__serialised_product_identifiers,Austin,austin_systems,manhattan_wms,SoftwareServer::AUS-SYS-012::SN-WMS-AU-20200315,Manhattan WMS,DigitalProduct::Coco::Serialised Product Identifiers,Serialised Product Identifiers,serialised_product_identifiers,Goods Inventory Stock depends on it (serialised stock)
aus_manhattan_wms__supplier_master_data,Austin,austin_systems,manhattan_wms,SoftwareServer::AUS-SYS-012::SN-WMS-AU-20200315,Manhattan WMS,DigitalProduct::Coco::Supplier Master Data,Supplier Master Data,supplier_master_data,Goods Receipts depends on it (approved supplier)
aus_manhattan_wms__supplier_material_certificates,Austin,austin_systems,manhattan_wms,SoftwareServer::AUS-SYS-012::SN-WMS-AU-20200315,Manhattan WMS,DigitalProduct::Coco::Supplier Material Certificates,Supplier Material Certificates,supplier_material_certificates,Goods Receipts depends on it (certificate of analysis)
aus_microsoft_365__worker_master_data,Austin,austin_systems,microsoft_365,SoftwareServer::AUS-SYS-033::SN-M365-AU-20200601,Microsoft 365,DigitalProduct::Coco::Worker Master Data,Worker Master Data,worker_master_data,Corporate Directory Entries depends on it (directory entry)
aus_opcenter_mes__equipment_qualification_status,Austin,austin_systems,opcenter_mes,SoftwareServer::AUS-SYS-022::SN-MES-AU-20180601,Siemens Opcenter MES,DigitalProduct::Coco::Equipment Qualification Status,Equipment Qualification Status,equipment_qualification_status,Batch Execution Records depends on it (qualification status)
aus_opcenter_mes__goods_inventory_stock,Austin,austin_systems,opcenter_mes,SoftwareServer::AUS-SYS-022::SN-MES-AU-20180601,Siemens Opcenter MES,DigitalProduct::Coco::Goods Inventory Stock,Goods Inventory Stock,goods_inventory_stock,Batch Execution Records depends on it (issue material)
aus_opcenter_mes__laboratory_test_results,Austin,austin_systems,opcenter_mes,SoftwareServer::AUS-SYS-022::SN-MES-AU-20180601,Siemens Opcenter MES,DigitalProduct::Coco::Laboratory Test Results,Laboratory Test Results,laboratory_test_results,Batch Execution Records depends on it (in-process results)
aus_opcenter_mes__worker_qualifications,Austin,austin_systems,opcenter_mes,SoftwareServer::AUS-SYS-022::SN-MES-AU-20180601,Siemens Opcenter MES,DigitalProduct::Coco::Worker Qualifications,Worker Qualifications,worker_qualifications,Batch Execution Records depends on it (operator qualification)
aus_opentext_edi__transport_classifications,Austin,austin_systems,opentext_edi,SoftwareServer::AUS-SYS-015::SN-EDI-AU-20190620,OpenText Trading Grid EDI,DigitalProduct::Coco::Transport Classifications,Transport Classifications,transport_classifications,Dangerous Goods Consignment Records depends on it (classification and requirements)
aus_opentext_edi__worker_qualifications,Austin,austin_systems,opentext_edi,SoftwareServer::AUS-SYS-015::SN-EDI-AU-20190620,OpenText Trading Grid EDI,DigitalProduct::Coco::Worker Qualifications,Worker Qualifications,worker_qualifications,Dangerous Goods Consignment Records depends on it (certificated signatory)
aus_oracle_oms__therapy_delivery_events,Austin,austin_systems,oracle_oms,SoftwareServer::AUS-SYS-011::SN-OMS-AU-20200310,Oracle Order Management,DigitalProduct::Coco::Therapy Delivery Events,Therapy Delivery Events,therapy_delivery_events,Treatment Invoices depends on it (fulfilment confirmed)
aus_oracle_tms__batch_certification_decisions,Austin,austin_systems,oracle_tms,SoftwareServer::AUS-SYS-013::SN-TMS-AU-20211004,Oracle TMS,DigitalProduct::Coco::Batch Certification Decisions,Batch Certification Decisions,batch_certification_decisions,Therapy Delivery Events depends on it (therapy released)
aus_oracle_tms__transport_classifications,Austin,austin_systems,oracle_tms,SoftwareServer::AUS-SYS-013::SN-TMS-AU-20211004,Oracle TMS,DigitalProduct::Coco::Transport Classifications,Transport Classifications,transport_classifications,Dangerous Goods Consignment Records depends on it (classification and requirements)
aus_oracle_tms__worker_qualifications,Austin,austin_systems,oracle_tms,SoftwareServer::AUS-SYS-013::SN-TMS-AU-20211004,Oracle TMS,DigitalProduct::Coco::Worker Qualifications,Worker Qualifications,worker_qualifications,Dangerous Goods Consignment Records depends on it (certificated signatory)
aus_purview_dlp__open_metadata_catalogue_holdings,Austin,austin_systems,purview_dlp,SoftwareServer::AUS-SYS-039::SN-DLP-AU-20220601,Microsoft Purview DLP,DigitalProduct::Coco::Open Metadata Catalogue Holdings,Open Metadata Catalogue Holdings,open_metadata_catalogue_holdings,Personal Data Discovery Findings depends on it (catalogued holdings)
aus_sap_ariba__purchase_orders_and_receipts,Austin,austin_systems,sap_ariba,SoftwareServer::AUS-SYS-014::SN-SRM-AU-20190617,SAP Ariba SRM,DigitalProduct::Coco::Purchase Orders And Receipts,Purchase Orders And Receipts,purchase_orders_and_receipts,Supplier Payments depends on it (order and receipt)
aus_sap_ariba__supplier_master_data,Austin,austin_systems,sap_ariba,SoftwareServer::AUS-SYS-014::SN-SRM-AU-20190617,SAP Ariba SRM,DigitalProduct::Coco::Supplier Master Data,Supplier Master Data,supplier_master_data,Supplier Payments depends on it (supplier and payment details)
aus_sap_ariba__third_party_screening_results,Austin,austin_systems,sap_ariba,SoftwareServer::AUS-SYS-014::SN-SRM-AU-20190617,SAP Ariba SRM,DigitalProduct::Coco::Third Party Screening Results,Third Party Screening Results,third_party_screening_results,Third Party Onboarding Cases depends on it (screening result)
aus_sap_s4hana__employee_expense_claims,Austin,austin_systems,sap_s4hana,SoftwareServer::AUS-SYS-009::SN-SAP-AU-20180923,SAP S/4HANA,DigitalProduct::Coco::Employee Expense Claims,Employee Expense Claims,employee_expense_claims,Subledger Postings depends on it (expense postings)
aus_sap_s4hana__general_ledger_balances,Austin,austin_systems,sap_s4hana,SoftwareServer::AUS-SYS-009::SN-SAP-AU-20180923,SAP S/4HANA,DigitalProduct::Coco::General Ledger Balances,General Ledger Balances,general_ledger_balances,Manual Journal Approvals depends on it (material entries for review)
aus_sap_s4hana__goods_receipts,Austin,austin_systems,sap_s4hana,SoftwareServer::AUS-SYS-009::SN-SAP-AU-20180923,SAP S/4HANA,DigitalProduct::Coco::Goods Receipts,Goods Receipts,goods_receipts,Material Quarantine Dispositions depends on it (place in quarantine)
aus_sap_s4hana__laboratory_test_results,Austin,austin_systems,sap_s4hana,SoftwareServer::AUS-SYS-009::SN-SAP-AU-20180923,SAP S/4HANA,DigitalProduct::Coco::Laboratory Test Results,Laboratory Test Results,laboratory_test_results,Material Quarantine Dispositions depends on it (test results)
aus_sap_s4hana__manual_journal_approvals,Austin,austin_systems,sap_s4hana,SoftwareServer::AUS-SYS-009::SN-SAP-AU-20180923,SAP S/4HANA,DigitalProduct::Coco::Manual Journal Approvals,Manual Journal Approvals,manual_journal_approvals,General Ledger Balances depends on it (approved adjustments)
aus_sap_s4hana__patient_pseudonym_register,Austin,austin_systems,sap_s4hana,SoftwareServer::AUS-SYS-009::SN-SAP-AU-20180923,SAP S/4HANA,DigitalProduct::Coco::Patient Pseudonym Register,Patient Pseudonym Register,patient_pseudonym_register,Personalised Manufacturing Schedule depends on it (identified manufacturing instruction)
aus_sap_s4hana__patient_sample_consignments,Austin,austin_systems,sap_s4hana,SoftwareServer::AUS-SYS-009::SN-SAP-AU-20180923,SAP S/4HANA,DigitalProduct::Coco::Patient Sample Consignments,Patient Sample Consignments,patient_sample_consignments,Personalised Manufacturing Schedule depends on it (patient material received)
aus_sap_s4hana__payroll_results,Austin,austin_systems,sap_s4hana,SoftwareServer::AUS-SYS-009::SN-SAP-AU-20180923,SAP S/4HANA,DigitalProduct::Coco::Payroll Results,Payroll Results,payroll_results,Subledger Postings depends on it (payroll postings)
aus_sap_s4hana__purchase_orders_and_receipts,Austin,austin_systems,sap_s4hana,SoftwareServer::AUS-SYS-009::SN-SAP-AU-20180923,SAP S/4HANA,DigitalProduct::Coco::Purchase Orders And Receipts,Purchase Orders And Receipts,purchase_orders_and_receipts,Supplier Payments depends on it (order and receipt)
aus_sap_s4hana__subledger_postings,Austin,austin_systems,sap_s4hana,SoftwareServer::AUS-SYS-009::SN-SAP-AU-20180923,SAP S/4HANA,DigitalProduct::Coco::Subledger Postings,Subledger Postings,subledger_postings,General Ledger Balances depends on it (post transactions)
aus_sap_s4hana__supplier_master_data,Austin,austin_systems,sap_s4hana,SoftwareServer::AUS-SYS-009::SN-SAP-AU-20180923,SAP S/4HANA,DigitalProduct::Coco::Supplier Master Data,Supplier Master Data,supplier_master_data,Supplier Payments depends on it (supplier and payment details)
aus_sap_s4hana__supplier_payments,Austin,austin_systems,sap_s4hana,SoftwareServer::AUS-SYS-009::SN-SAP-AU-20180923,SAP S/4HANA,DigitalProduct::Coco::Supplier Payments,Supplier Payments,supplier_payments,Subledger Postings depends on it (payment postings)
aus_sap_s4hana__therapy_delivery_events,Austin,austin_systems,sap_s4hana,SoftwareServer::AUS-SYS-009::SN-SAP-AU-20180923,SAP S/4HANA,DigitalProduct::Coco::Therapy Delivery Events,Therapy Delivery Events,therapy_delivery_events,Treatment Invoices depends on it (fulfilment confirmed)
aus_sap_s4hana__treatment_invoices,Austin,austin_systems,sap_s4hana,SoftwareServer::AUS-SYS-009::SN-SAP-AU-20180923,SAP S/4HANA,DigitalProduct::Coco::Treatment Invoices,Treatment Invoices,treatment_invoices,Subledger Postings depends on it (revenue postings)
aus_servicenow_csm__clinician_adverse_reaction_reports,Austin,austin_systems,servicenow_csm,SoftwareServer::AUS-SYS-018::SN-CSS-AU-20220601,ServiceNow Customer Service Management,DigitalProduct::Coco::Clinician Adverse Reaction Reports,Clinician Adverse Reaction Reports,clinician_adverse_reaction_reports,Consolidated Safety Reports depends on it (clinician report)
aus_servicenow_csm__product_complaints,Austin,austin_systems,servicenow_csm,SoftwareServer::AUS-SYS-018::SN-CSS-AU-20220601,ServiceNow Customer Service Management,DigitalProduct::Coco::Product Complaints,Product Complaints,product_complaints,Consolidated Safety Reports depends on it (complaint with safety content)
aus_ukg_dimensions__worker_master_data,Austin,austin_systems,ukg_dimensions,SoftwareServer::AUS-SYS-021::SN-TNA-AU-20190305,UKG Dimensions,DigitalProduct::Coco::Worker Master Data,Worker Master Data,worker_master_data,Payroll Results depends on it (payroll record)
aus_veeva_ebr__batch_execution_records,Austin,austin_systems,veeva_ebr,SoftwareServer::AUS-SYS-026::SN-EBR-AU-20200301,Veeva Vault EBR,DigitalProduct::Coco::Batch Execution Records,Batch Execution Records,batch_execution_records,Electronic Batch Records depends on it (execution record)
aus_veeva_ebr__deviations_and_capas,Austin,austin_systems,veeva_ebr,SoftwareServer::AUS-SYS-026::SN-EBR-AU-20200301,Veeva Vault EBR,DigitalProduct::Coco::Deviations And CAPAs,Deviations And CAPAs,deviations_and_capas,Electronic Batch Records depends on it (deviation disposition)
aus_veeva_ebr__electronic_batch_records,Austin,austin_systems,veeva_ebr,SoftwareServer::AUS-SYS-026::SN-EBR-AU-20200301,Veeva Vault EBR,DigitalProduct::Coco::Electronic Batch Records,Electronic Batch Records,electronic_batch_records,Batch Certification Decisions depends on it (batch record for review)
aus_veeva_ebr__laboratory_test_results,Austin,austin_systems,veeva_ebr,SoftwareServer::AUS-SYS-026::SN-EBR-AU-20200301,Veeva Vault EBR,DigitalProduct::Coco::Laboratory Test Results,Laboratory Test Results,laboratory_test_results,Electronic Batch Records depends on it (finished product results)
aus_veeva_ebr__personalised_manufacturing_schedule,Austin,austin_systems,veeva_ebr,SoftwareServer::AUS-SYS-026::SN-EBR-AU-20200301,Veeva Vault EBR,DigitalProduct::Coco::Personalised Manufacturing Schedule,Personalised Manufacturing Schedule,personalised_manufacturing_schedule,Electronic Batch Records depends on it (open batch)
aus_veeva_ebr__process_parameter_time_series,Austin,austin_systems,veeva_ebr,SoftwareServer::AUS-SYS-026::SN-EBR-AU-20200301,Veeva Vault EBR,DigitalProduct::Coco::Process Parameter Time Series,Process Parameter Time Series,process_parameter_time_series,Electronic Batch Records depends on it (process parameters)
aus_veeva_ebr__product_master_data,Austin,austin_systems,veeva_ebr,SoftwareServer::AUS-SYS-026::SN-EBR-AU-20200301,Veeva Vault EBR,DigitalProduct::Coco::Product Master Data,Product Master Data,product_master_data,Batch Certification Decisions depends on it (product and market requirements)
aus_veeva_ebr__temperature_excursion_assessments,Austin,austin_systems,veeva_ebr,SoftwareServer::AUS-SYS-026::SN-EBR-AU-20200301,Veeva Vault EBR,DigitalProduct::Coco::Temperature Excursion Assessments,Temperature Excursion Assessments,temperature_excursion_assessments,Electronic Batch Records depends on it (disposition recorded)
aus_veeva_ebr__worker_qualifications,Austin,austin_systems,veeva_ebr,SoftwareServer::AUS-SYS-026::SN-EBR-AU-20200301,Veeva Vault EBR,DigitalProduct::Coco::Worker Qualifications,Worker Qualifications,worker_qualifications,Electronic Batch Records depends on it (signature authority)
aus_veeva_qms__batch_execution_records,Austin,austin_systems,veeva_qms,SoftwareServer::AUS-SYS-025::SN-QMS-AU-20190901,Veeva Vault QMS,DigitalProduct::Coco::Batch Execution Records,Batch Execution Records,batch_execution_records,Deviations And CAPAs depends on it (raise deviation)
aus_veeva_qms__clinician_adverse_reaction_reports,Austin,austin_systems,veeva_qms,SoftwareServer::AUS-SYS-025::SN-QMS-AU-20190901,Veeva Vault QMS,DigitalProduct::Coco::Clinician Adverse Reaction Reports,Clinician Adverse Reaction Reports,clinician_adverse_reaction_reports,Consolidated Safety Reports depends on it (clinician report)
aus_veeva_qms__electronic_batch_records,Austin,austin_systems,veeva_qms,SoftwareServer::AUS-SYS-025::SN-QMS-AU-20190901,Veeva Vault QMS,DigitalProduct::Coco::Electronic Batch Records,Electronic Batch Records,electronic_batch_records,Batch Certification Decisions depends on it (batch record for review)
aus_veeva_qms__product_complaints,Austin,austin_systems,veeva_qms,SoftwareServer::AUS-SYS-025::SN-QMS-AU-20190901,Veeva Vault QMS,DigitalProduct::Coco::Product Complaints,Product Complaints,product_complaints,Consolidated Safety Reports depends on it (complaint with safety content)
aus_veeva_qms__product_master_data,Austin,austin_systems,veeva_qms,SoftwareServer::AUS-SYS-025::SN-QMS-AU-20190901,Veeva Vault QMS,DigitalProduct::Coco::Product Master Data,Product Master Data,product_master_data,Batch Certification Decisions depends on it (product and market requirements)
aus_veeva_qms__safety_signals,Austin,austin_systems,veeva_qms,SoftwareServer::AUS-SYS-025::SN-QMS-AU-20190901,Veeva Vault QMS,DigitalProduct::Coco::Safety Signals,Safety Signals,safety_signals,Deviations And CAPAs depends on it (signal referred to quality)
aus_waters_empower__material_quarantine_dispositions,Austin,austin_systems,waters_empower,SoftwareServer::AUS-SYS-027::SN-CHR-AU-20180615,Waters Empower 3,DigitalProduct::Coco::Material Quarantine Dispositions,Material Quarantine Dispositions,material_quarantine_dispositions,Laboratory Test Results depends on it (request incoming testing)
aus_workday_hcm__rights_fulfilment_actions,Austin,austin_systems,workday_hcm,SoftwareServer::AUS-SYS-019::SN-HCM-AU-20190301,Workday Human Capital Management,DigitalProduct::Coco::Rights Fulfilment Actions,Rights Fulfilment Actions,rights_fulfilment_actions,Worker Master Data depends on it (locate employee data)
aus_workday_hcm__worker_lifecycle_events,Austin,austin_systems,workday_hcm,SoftwareServer::AUS-SYS-019::SN-HCM-AU-20190301,Workday Human Capital Management,DigitalProduct::Coco::Worker Lifecycle Events,Worker Lifecycle Events,worker_lifecycle_events,Worker Master Data depends on it (worker event)
aus_workday_hcm__worker_master_data,Austin,austin_systems,workday_hcm,SoftwareServer::AUS-SYS-019::SN-HCM-AU-20190301,Workday Human Capital Management,DigitalProduct::Coco::Worker Master Data,Worker Master Data,worker_master_data,Payroll Results depends on it (payroll record)
buc_active_directory__worker_master_data,Bucharest,bucharest_systems,active_directory,SoftwareServer::SYS-008::Active Directory,Active Directory,DigitalProduct::Coco::Worker Master Data,Worker Master Data,worker_master_data,Access Entitlements depends on it (provision or revoke); Corporate Directory Entries depends on it (directory entry)
buc_ekg_wms__goods_receipts,Bucharest,bucharest_systems,ekg_wms,SoftwareServer::SYS-019::Warehouse Management System (WMS),Warehouse Management System (WMS),DigitalProduct::Coco::Goods Receipts,Goods Receipts,goods_receipts,Material Quarantine Dispositions depends on it (place in quarantine)
buc_ekg_wms__laboratory_test_results,Bucharest,bucharest_systems,ekg_wms,SoftwareServer::SYS-019::Warehouse Management System (WMS),Warehouse Management System (WMS),DigitalProduct::Coco::Laboratory Test Results,Laboratory Test Results,laboratory_test_results,Material Quarantine Dispositions depends on it (test results)
buc_ekg_wms__material_quarantine_dispositions,Bucharest,bucharest_systems,ekg_wms,SoftwareServer::SYS-019::Warehouse Management System (WMS),Warehouse Management System (WMS),DigitalProduct::Coco::Material Quarantine Dispositions,Material Quarantine Dispositions,material_quarantine_dispositions,Goods Inventory Stock depends on it (release for use)
buc_ekg_wms__serialised_product_identifiers,Bucharest,bucharest_systems,ekg_wms,SoftwareServer::SYS-019::Warehouse Management System (WMS),Warehouse Management System (WMS),DigitalProduct::Coco::Serialised Product Identifiers,Serialised Product Identifiers,serialised_product_identifiers,Goods Inventory Stock depends on it (serialised stock)
buc_ekg_wms__supplier_master_data,Bucharest,bucharest_systems,ekg_wms,SoftwareServer::SYS-019::Warehouse Management System (WMS),Warehouse Management System (WMS),DigitalProduct::Coco::Supplier Master Data,Supplier Master Data,supplier_master_data,Goods Receipts depends on it (approved supplier)
buc_ekg_wms__supplier_material_certificates,Bucharest,bucharest_systems,ekg_wms,SoftwareServer::SYS-019::Warehouse Management System (WMS),Warehouse Management System (WMS),DigitalProduct::Coco::Supplier Material Certificates,Supplier Material Certificates,supplier_material_certificates,Goods Receipts depends on it (certificate of analysis)
buc_ekg_wms__transport_classifications,Bucharest,bucharest_systems,ekg_wms,SoftwareServer::SYS-019::Warehouse Management System (WMS),Warehouse Management System (WMS),DigitalProduct::Coco::Transport Classifications,Transport Classifications,transport_classifications,Dangerous Goods Consignment Records depends on it (classification and requirements)
buc_ekg_wms__worker_qualifications,Bucharest,bucharest_systems,ekg_wms,SoftwareServer::SYS-019::Warehouse Management System (WMS),Warehouse Management System (WMS),DigitalProduct::Coco::Worker Qualifications,Worker Qualifications,worker_qualifications,Dangerous Goods Consignment Records depends on it (certificated signatory)
buc_empower_cds__material_quarantine_dispositions,Bucharest,bucharest_systems,empower_cds,SoftwareServer::SYS-027::Empower Chromatography,Empower Chromatography,DigitalProduct::Coco::Material Quarantine Dispositions,Material Quarantine Dispositions,material_quarantine_dispositions,Laboratory Test Results depends on it (request incoming testing)
buc_factorytalk__serial_number_allocations,Bucharest,bucharest_systems,factorytalk,SoftwareServer::SYS-015::Rockwell FactoryTalk,Rockwell FactoryTalk,DigitalProduct::Coco::Serial Number Allocations,Serial Number Allocations,serial_number_allocations,Commissioned Packs depends on it (issue identifiers)
buc_kronos_workforce__worker_master_data,Bucharest,bucharest_systems,kronos_workforce,SoftwareServer::SYS-023::Kronos Workforce,Kronos Workforce,DigitalProduct::Coco::Worker Master Data,Worker Master Data,worker_master_data,Payroll Results depends on it (payroll record)
buc_labware_lims__material_quarantine_dispositions,Bucharest,bucharest_systems,labware_lims,SoftwareServer::SYS-004::LIMS LabWare Enterprise,LIMS LabWare Enterprise,DigitalProduct::Coco::Material Quarantine Dispositions,Material Quarantine Dispositions,material_quarantine_dispositions,Laboratory Test Results depends on it (request incoming testing)
buc_labware_lims__supplier_master_data,Bucharest,bucharest_systems,labware_lims,SoftwareServer::SYS-004::LIMS LabWare Enterprise,LIMS LabWare Enterprise,DigitalProduct::Coco::Supplier Master Data,Supplier Master Data,supplier_master_data,Supplier Material Certificates depends on it (supplier documentation)
buc_microsoft_365__worker_master_data,Bucharest,bucharest_systems,microsoft_365,SoftwareServer::SYS-007::Microsoft 365,Microsoft 365,DigitalProduct::Coco::Worker Master Data,Worker Master Data,worker_master_data,Corporate Directory Entries depends on it (directory entry)
buc_opcenter_mes__batch_execution_records,Bucharest,bucharest_systems,opcenter_mes,SoftwareServer::SYS-003::Siemens Opcenter MES,Siemens Opcenter MES,DigitalProduct::Coco::Batch Execution Records,Batch Execution Records,batch_execution_records,Electronic Batch Records depends on it (execution record)
buc_opcenter_mes__carrier_transit_events,Bucharest,bucharest_systems,opcenter_mes,SoftwareServer::SYS-003::Siemens Opcenter MES,Siemens Opcenter MES,DigitalProduct::Coco::Carrier Transit Events,Carrier Transit Events,carrier_transit_events,Cold Chain Transit Records depends on it (carrier journey events)
buc_opcenter_mes__dangerous_goods_consignment_records,Bucharest,bucharest_systems,opcenter_mes,SoftwareServer::SYS-003::Siemens Opcenter MES,Siemens Opcenter MES,DigitalProduct::Coco::Dangerous Goods Consignment Records,Dangerous Goods Consignment Records,dangerous_goods_consignment_records,Carrier Transit Events depends on it (consigned to carrier)
buc_opcenter_mes__deviations_and_capas,Bucharest,bucharest_systems,opcenter_mes,SoftwareServer::SYS-003::Siemens Opcenter MES,Siemens Opcenter MES,DigitalProduct::Coco::Deviations And CAPAs,Deviations And CAPAs,deviations_and_capas,Electronic Batch Records depends on it (deviation disposition)
buc_opcenter_mes__electronic_batch_records,Bucharest,bucharest_systems,opcenter_mes,SoftwareServer::SYS-003::Siemens Opcenter MES,Siemens Opcenter MES,DigitalProduct::Coco::Electronic Batch Records,Electronic Batch Records,electronic_batch_records,Batch Certification Decisions depends on it (batch record for review)
buc_opcenter_mes__equipment_qualification_status,Bucharest,bucharest_systems,opcenter_mes,SoftwareServer::SYS-003::Siemens Opcenter MES,Siemens Opcenter MES,DigitalProduct::Coco::Equipment Qualification Status,Equipment Qualification Status,equipment_qualification_status,Batch Execution Records depends on it (qualification status)
buc_opcenter_mes__goods_inventory_stock,Bucharest,bucharest_systems,opcenter_mes,SoftwareServer::SYS-003::Siemens Opcenter MES,Siemens Opcenter MES,DigitalProduct::Coco::Goods Inventory Stock,Goods Inventory Stock,goods_inventory_stock,Batch Execution Records depends on it (issue material)
buc_opcenter_mes__in_transit_temperature_readings,Bucharest,bucharest_systems,opcenter_mes,SoftwareServer::SYS-003::Siemens Opcenter MES,Siemens Opcenter MES,DigitalProduct::Coco::In-Transit Temperature Readings,In-Transit Temperature Readings,in_transit_temperature_readings,Cold Chain Transit Records depends on it (transit temperature record)
buc_opcenter_mes__laboratory_test_results,Bucharest,bucharest_systems,opcenter_mes,SoftwareServer::SYS-003::Siemens Opcenter MES,Siemens Opcenter MES,DigitalProduct::Coco::Laboratory Test Results,Laboratory Test Results,laboratory_test_results,Batch Execution Records depends on it (in-process results); Electronic Batch Records depends on it (finished product results)
buc_opcenter_mes__patient_sample_consignments,Bucharest,bucharest_systems,opcenter_mes,SoftwareServer::SYS-003::Siemens Opcenter MES,Siemens Opcenter MES,DigitalProduct::Coco::Patient Sample Consignments,Patient Sample Consignments,patient_sample_consignments,Cold Chain Transit Records depends on it (inbound material record)
buc_opcenter_mes__personalised_manufacturing_schedule,Bucharest,bucharest_systems,opcenter_mes,SoftwareServer::SYS-003::Siemens Opcenter MES,Siemens Opcenter MES,DigitalProduct::Coco::Personalised Manufacturing Schedule,Personalised Manufacturing Schedule,personalised_manufacturing_schedule,Electronic Batch Records depends on it (open batch)
buc_opcenter_mes__process_parameter_time_series,Bucharest,bucharest_systems,opcenter_mes,SoftwareServer::SYS-003::Siemens Opcenter MES,Siemens Opcenter MES,DigitalProduct::Coco::Process Parameter Time Series,Process Parameter Time Series,process_parameter_time_series,Electronic Batch Records depends on it (process parameters)
buc_opcenter_mes__product_master_data,Bucharest,bucharest_systems,opcenter_mes,SoftwareServer::SYS-003::Siemens Opcenter MES,Siemens Opcenter MES,DigitalProduct::Coco::Product Master Data,Product Master Data,product_master_data,Batch Certification Decisions depends on it (product and market requirements)
buc_opcenter_mes__temperature_excursion_assessments,Bucharest,bucharest_systems,opcenter_mes,SoftwareServer::SYS-003::Siemens Opcenter MES,Siemens Opcenter MES,DigitalProduct::Coco::Temperature Excursion Assessments,Temperature Excursion Assessments,temperature_excursion_assessments,Electronic Batch Records depends on it (disposition recorded)
buc_opcenter_mes__worker_qualifications,Bucharest,bucharest_systems,opcenter_mes,SoftwareServer::SYS-003::Siemens Opcenter MES,Siemens Opcenter MES,DigitalProduct::Coco::Worker Qualifications,Worker Qualifications,worker_qualifications,Batch Execution Records depends on it (operator qualification); Electronic Batch Records depends on it (signature authority)
buc_opentext_ecm__batch_execution_records,Bucharest,bucharest_systems,opentext_ecm,SoftwareServer::SYS-024::OpenText ECM,OpenText ECM,DigitalProduct::Coco::Batch Execution Records,Batch Execution Records,batch_execution_records,Electronic Batch Records depends on it (execution record)
buc_opentext_ecm__deviations_and_capas,Bucharest,bucharest_systems,opentext_ecm,SoftwareServer::SYS-024::OpenText ECM,OpenText ECM,DigitalProduct::Coco::Deviations And CAPAs,Deviations And CAPAs,deviations_and_capas,Electronic Batch Records depends on it (deviation disposition)
buc_opentext_ecm__laboratory_test_results,Bucharest,bucharest_systems,opentext_ecm,SoftwareServer::SYS-024::OpenText ECM,OpenText ECM,DigitalProduct::Coco::Laboratory Test Results,Laboratory Test Results,laboratory_test_results,Electronic Batch Records depends on it (finished product results)
buc_opentext_ecm__personalised_manufacturing_schedule,Bucharest,bucharest_systems,opentext_ecm,SoftwareServer::SYS-024::OpenText ECM,OpenText ECM,DigitalProduct::Coco::Personalised Manufacturing Schedule,Personalised Manufacturing Schedule,personalised_manufacturing_schedule,Electronic Batch Records depends on it (open batch)
buc_opentext_ecm__process_parameter_time_series,Bucharest,bucharest_systems,opentext_ecm,SoftwareServer::SYS-024::OpenText ECM,OpenText ECM,DigitalProduct::Coco::Process Parameter Time Series,Process Parameter Time Series,process_parameter_time_series,Electronic Batch Records depends on it (process parameters)
buc_opentext_ecm__supplier_master_data,Bucharest,bucharest_systems,opentext_ecm,SoftwareServer::SYS-024::OpenText ECM,OpenText ECM,DigitalProduct::Coco::Supplier Master Data,Supplier Master Data,supplier_master_data,Supplier Material Certificates depends on it (supplier documentation)
buc_opentext_ecm__temperature_excursion_assessments,Bucharest,bucharest_systems,opentext_ecm,SoftwareServer::SYS-024::OpenText ECM,OpenText ECM,DigitalProduct::Coco::Temperature Excursion Assessments,Temperature Excursion Assessments,temperature_excursion_assessments,Electronic Batch Records depends on it (disposition recorded)
buc_opentext_ecm__worker_qualifications,Bucharest,bucharest_systems,opentext_ecm,SoftwareServer::SYS-024::OpenText ECM,OpenText ECM,DigitalProduct::Coco::Worker Qualifications,Worker Qualifications,worker_qualifications,Electronic Batch Records depends on it (signature authority)
buc_proact_cold_chain__carrier_transit_events,Bucharest,bucharest_systems,proact_cold_chain,SoftwareServer::SYS-022::Proact Cold Chain Monitor,Proact Cold Chain Monitor,DigitalProduct::Coco::Carrier Transit Events,Carrier Transit Events,carrier_transit_events,Cold Chain Transit Records depends on it (carrier journey events)
buc_proact_cold_chain__dangerous_goods_consignment_records,Bucharest,bucharest_systems,proact_cold_chain,SoftwareServer::SYS-022::Proact Cold Chain Monitor,Proact Cold Chain Monitor,DigitalProduct::Coco::Dangerous Goods Consignment Records,Dangerous Goods Consignment Records,dangerous_goods_consignment_records,Carrier Transit Events depends on it (consigned to carrier)
buc_proact_cold_chain__in_transit_temperature_readings,Bucharest,bucharest_systems,proact_cold_chain,SoftwareServer::SYS-022::Proact Cold Chain Monitor,Proact Cold Chain Monitor,DigitalProduct::Coco::In-Transit Temperature Readings,In-Transit Temperature Readings,in_transit_temperature_readings,Cold Chain Transit Records depends on it (transit temperature record)
buc_proact_cold_chain__patient_sample_consignments,Bucharest,bucharest_systems,proact_cold_chain,SoftwareServer::SYS-022::Proact Cold Chain Monitor,Proact Cold Chain Monitor,DigitalProduct::Coco::Patient Sample Consignments,Patient Sample Consignments,patient_sample_consignments,Cold Chain Transit Records depends on it (inbound material record)
buc_sap_concur__employee_expense_claims,Bucharest,bucharest_systems,sap_concur,SoftwareServer::SYS-012::SAP Concur,SAP Concur,DigitalProduct::Coco::Employee Expense Claims,Employee Expense Claims,employee_expense_claims,Expense Approvals depends on it (submit for approval)
buc_sap_concur__expense_approvals,Bucharest,bucharest_systems,sap_concur,SoftwareServer::SYS-012::SAP Concur,SAP Concur,DigitalProduct::Coco::Expense Approvals,Expense Approvals,expense_approvals,Employee Expense Claims depends on it (approval decision)
buc_sap_concur__worker_master_data,Bucharest,bucharest_systems,sap_concur,SoftwareServer::SYS-012::SAP Concur,SAP Concur,DigitalProduct::Coco::Worker Master Data,Worker Master Data,worker_master_data,Employee Expense Claims depends on it (expense access); Expense Approvals depends on it (approver and cost centre)
buc_sap_s4hana__employee_expense_claims,Bucharest,bucharest_systems,sap_s4hana,SoftwareServer::SYS-001::SAP ERP S/4HANA,SAP ERP S/4HANA,DigitalProduct::Coco::Employee Expense Claims,Employee Expense Claims,employee_expense_claims,Subledger Postings depends on it (expense postings)
buc_sap_s4hana__general_ledger_balances,Bucharest,bucharest_systems,sap_s4hana,SoftwareServer::SYS-001::SAP ERP S/4HANA,SAP ERP S/4HANA,DigitalProduct::Coco::General Ledger Balances,General Ledger Balances,general_ledger_balances,Manual Journal Approvals depends on it (material entries for review)
buc_sap_s4hana__goods_receipts,Bucharest,bucharest_systems,sap_s4hana,SoftwareServer::SYS-001::SAP ERP S/4HANA,SAP ERP S/4HANA,DigitalProduct::Coco::Goods Receipts,Goods Receipts,goods_receipts,Material Quarantine Dispositions depends on it (place in quarantine)
buc_sap_s4hana__laboratory_test_results,Bucharest,bucharest_systems,sap_s4hana,SoftwareServer::SYS-001::SAP ERP S/4HANA,SAP ERP S/4HANA,DigitalProduct::Coco::Laboratory Test Results,Laboratory Test Results,laboratory_test_results,Material Quarantine Dispositions depends on it (test results)
buc_sap_s4hana__manual_journal_approvals,Bucharest,bucharest_systems,sap_s4hana,SoftwareServer::SYS-001::SAP ERP S/4HANA,SAP ERP S/4HANA,DigitalProduct::Coco::Manual Journal Approvals,Manual Journal Approvals,manual_journal_approvals,General Ledger Balances depends on it (approved adjustments)
buc_sap_s4hana__patient_pseudonym_register,Bucharest,bucharest_systems,sap_s4hana,SoftwareServer::SYS-001::SAP ERP S/4HANA,SAP ERP S/4HANA,DigitalProduct::Coco::Patient Pseudonym Register,Patient Pseudonym Register,patient_pseudonym_register,Personalised Manufacturing Schedule depends on it (identified manufacturing instruction)
buc_sap_s4hana__patient_sample_consignments,Bucharest,bucharest_systems,sap_s4hana,SoftwareServer::SYS-001::SAP ERP S/4HANA,SAP ERP S/4HANA,DigitalProduct::Coco::Patient Sample Consignments,Patient Sample Consignments,patient_sample_consignments,Personalised Manufacturing Schedule depends on it (patient material received)
buc_sap_s4hana__payment_anomaly_findings,Bucharest,bucharest_systems,sap_s4hana,SoftwareServer::SYS-001::SAP ERP S/4HANA,SAP ERP S/4HANA,DigitalProduct::Coco::Payment Anomaly Findings,Payment Anomaly Findings,payment_anomaly_findings,Supplier Master Data depends on it (raise supplier concern)
buc_sap_s4hana__payroll_results,Bucharest,bucharest_systems,sap_s4hana,SoftwareServer::SYS-001::SAP ERP S/4HANA,SAP ERP S/4HANA,DigitalProduct::Coco::Payroll Results,Payroll Results,payroll_results,Subledger Postings depends on it (payroll postings)
buc_sap_s4hana__purchase_orders_and_receipts,Bucharest,bucharest_systems,sap_s4hana,SoftwareServer::SYS-001::SAP ERP S/4HANA,SAP ERP S/4HANA,DigitalProduct::Coco::Purchase Orders And Receipts,Purchase Orders And Receipts,purchase_orders_and_receipts,Supplier Payments depends on it (order and receipt)
buc_sap_s4hana__subledger_postings,Bucharest,bucharest_systems,sap_s4hana,SoftwareServer::SYS-001::SAP ERP S/4HANA,SAP ERP S/4HANA,DigitalProduct::Coco::Subledger Postings,Subledger Postings,subledger_postings,General Ledger Balances depends on it (post transactions)
buc_sap_s4hana__supplier_master_data,Bucharest,bucharest_systems,sap_s4hana,SoftwareServer::SYS-001::SAP ERP S/4HANA,SAP ERP S/4HANA,DigitalProduct::Coco::Supplier Master Data,Supplier Master Data,supplier_master_data,Supplier Payments depends on it (supplier and payment details)
buc_sap_s4hana__supplier_payment_detail_changes,Bucharest,bucharest_systems,sap_s4hana,SoftwareServer::SYS-001::SAP ERP S/4HANA,SAP ERP S/4HANA,DigitalProduct::Coco::Supplier Payment Detail Changes,Supplier Payment Detail Changes,supplier_payment_detail_changes,Supplier Master Data depends on it (verified bank details)
buc_sap_s4hana__supplier_payments,Bucharest,bucharest_systems,sap_s4hana,SoftwareServer::SYS-001::SAP ERP S/4HANA,SAP ERP S/4HANA,DigitalProduct::Coco::Supplier Payments,Supplier Payments,supplier_payments,Subledger Postings depends on it (payment postings)
buc_sap_s4hana__therapy_delivery_events,Bucharest,bucharest_systems,sap_s4hana,SoftwareServer::SYS-001::SAP ERP S/4HANA,SAP ERP S/4HANA,DigitalProduct::Coco::Therapy Delivery Events,Therapy Delivery Events,therapy_delivery_events,Treatment Invoices depends on it (fulfilment confirmed)
buc_sap_s4hana__third_party_onboarding_cases,Bucharest,bucharest_systems,sap_s4hana,SoftwareServer::SYS-001::SAP ERP S/4HANA,SAP ERP S/4HANA,DigitalProduct::Coco::Third Party Onboarding Cases,Third Party Onboarding Cases,third_party_onboarding_cases,Supplier Master Data depends on it (create supplier record)
buc_sap_s4hana__treatment_invoices,Bucharest,bucharest_systems,sap_s4hana,SoftwareServer::SYS-001::SAP ERP S/4HANA,SAP ERP S/4HANA,DigitalProduct::Coco::Treatment Invoices,Treatment Invoices,treatment_invoices,Subledger Postings depends on it (revenue postings)
buc_trackwise__batch_execution_records,Bucharest,bucharest_systems,trackwise,SoftwareServer::SYS-005::Trackwise Digital,Trackwise Digital,DigitalProduct::Coco::Batch Execution Records,Batch Execution Records,batch_execution_records,Deviations And CAPAs depends on it (raise deviation)
buc_trackwise__safety_signals,Bucharest,bucharest_systems,trackwise,SoftwareServer::SYS-005::Trackwise Digital,Trackwise Digital,DigitalProduct::Coco::Safety Signals,Safety Signals,safety_signals,Deviations And CAPAs depends on it (signal referred to quality)
buc_veeva_qms__batch_execution_records,Bucharest,bucharest_systems,veeva_qms,SoftwareServer::SYS-002::Veeva Vault QMS,Veeva Vault QMS,DigitalProduct::Coco::Batch Execution Records,Batch Execution Records,batch_execution_records,Deviations And CAPAs depends on it (raise deviation)
buc_veeva_qms__electronic_batch_records,Bucharest,bucharest_systems,veeva_qms,SoftwareServer::SYS-002::Veeva Vault QMS,Veeva Vault QMS,DigitalProduct::Coco::Electronic Batch Records,Electronic Batch Records,electronic_batch_records,Batch Certification Decisions depends on it (batch record for review)
buc_veeva_qms__product_master_data,Bucharest,bucharest_systems,veeva_qms,SoftwareServer::SYS-002::Veeva Vault QMS,Veeva Vault QMS,DigitalProduct::Coco::Product Master Data,Product Master Data,product_master_data,Batch Certification Decisions depends on it (product and market requirements)
buc_veeva_qms__safety_signals,Bucharest,bucharest_systems,veeva_qms,SoftwareServer::SYS-002::Veeva Vault QMS,Veeva Vault QMS,DigitalProduct::Coco::Safety Signals,Safety Signals,safety_signals,Deviations And CAPAs depends on it (signal referred to quality)
buc_veeva_rim__pharmacovigilance_cases,Bucharest,bucharest_systems,veeva_rim,SoftwareServer::SYS-021::Veeva Vault RIM,Veeva Vault RIM,DigitalProduct::Coco::Pharmacovigilance Cases,Pharmacovigilance Cases,pharmacovigilance_cases,Regulatory Safety Submissions depends on it (submit report)
buc_veeva_rim__safety_signals,Bucharest,bucharest_systems,veeva_rim,SoftwareServer::SYS-021::Veeva Vault RIM,Veeva Vault RIM,DigitalProduct::Coco::Safety Signals,Safety Signals,safety_signals,Market Authorisations depends on it (label or authorisation change)
buc_workday_hcm__rights_fulfilment_actions,Bucharest,bucharest_systems,workday_hcm,SoftwareServer::SYS-013::Workday HCM,Workday HCM,DigitalProduct::Coco::Rights Fulfilment Actions,Rights Fulfilment Actions,rights_fulfilment_actions,Worker Master Data depends on it (locate employee data)
buc_workday_hcm__worker_lifecycle_events,Bucharest,bucharest_systems,workday_hcm,SoftwareServer::SYS-013::Workday HCM,Workday HCM,DigitalProduct::Coco::Worker Lifecycle Events,Worker Lifecycle Events,worker_lifecycle_events,Worker Master Data depends on it (worker event)
buc_workday_hcm__worker_master_data,Bucharest,bucharest_systems,workday_hcm,SoftwareServer::SYS-013::Workday HCM,Workday HCM,DigitalProduct::Coco::Worker Master Data,Worker Master Data,worker_master_data,Payroll Results depends on it (payroll record)
